SCATS Number,Location,Date,Lane Points
3685,WARRIGAL_RD S of HIGHBURY_RD,2006-10-01 00:00:00,165
3685,WARRIGAL_RD S of HIGHBURY_RD,2006-10-01 00:00:00,154
3685,WARRIGAL_RD S of HIGHBURY_RD,2006-10-01 00:00:00,128
3685,WARRIGAL_RD S of HIGHBURY_RD,2006-10-01 00:00:00,101
3685,WARRIGAL_RD S of HIGHBURY_RD,2006-10-01 00:00:00,88
3685,WARRIGAL_RD S of HIGHBURY_RD,2006-10-01 00:00:00,72
3685,WARRIGAL_RD S of HIGHBURY_RD,2006-10-01 00:00:00,76
3685,WARRIGAL_RD S of HIGHBURY_RD,2006-10-01 00:00:00,61
3685,WARRIGAL_RD S of HIGHBURY_RD,2006-10-01 00:00:00,63
3685,WARRIGAL_RD S of HIGHBURY_RD,2006-10-01 00:00:00,56
3685,WARRIGAL_RD S of HIGHBURY_RD,2006-10-01 00:00:00,55
3685,WARRIGAL_RD S of HIGHBURY_RD,2006-10-01 00:00:00,42
3685,WARRIGAL_RD S of HIGHBURY_RD,2006-10-01 00:00:00,67
3685,WARRIGAL_RD S of HIGHBURY_RD,2006-10-01 00:00:00,45
3685,WARRIGAL_RD S of HIGHBURY_RD,2006-10-01 00:00:00,24
3685,WARRIGAL_RD S of HIGHBURY_RD,2006-10-01 00:00:00,39
3685,WARRIGAL_RD S of HIGHBURY_RD,2006-10-01 00:00:00,36
3685,WARRIGAL_RD S of HIGHBURY_RD,2006-10-01 00:00:00,25
3685,WARRIGAL_RD S of HIGHBURY_RD,2006-10-01 00:00:00,32
3685,WARRIGAL_RD S of HIGHBURY_RD,2006-10-01 00:00:00,26
3685,WARRIGAL_RD S of HIGHBURY_RD,2006-10-01 00:00:00,24
3685,WARRIGAL_RD S of HIGHBURY_RD,2006-10-01 00:00:00,35
3685,WARRIGAL_RD S of HIGHBURY_RD,2006-10-01 00:00:00,21
3685,WARRIGAL_RD S of HIGHBURY_RD,2006-10-01 00:00:00,45
3685,WARRIGAL_RD S of HIGHBURY_RD,2006-10-01 00:00:00,40
3685,WARRIGAL_RD S of HIGHBURY_RD,2006-10-01 00:00:00,60
3685,WARRIGAL_RD S of HIGHBURY_RD,2006-10-01 00:00:00,73
3685,WARRIGAL_RD S of HIGHBURY_RD,2006-10-01 00:00:00,72
3685,WARRIGAL_RD S of HIGHBURY_RD,2006-10-01 00:00:00,67
3685,WARRIGAL_RD S of HIGHBURY_RD,2006-10-01 00:00:00,73
3685,WARRIGAL_RD S of HIGHBURY_RD,2006-10-01 00:00:00,98
3685,WARRIGAL_RD S of HIGHBURY_RD,2006-10-01 00:00:00,112
3685,WARRIGAL_RD S of HIGHBURY_RD,2006-10-01 00:00:00,78
3685,WARRIGAL_RD S of HIGHBURY_RD,2006-10-01 00:00:00,97
3685,WARRIGAL_RD S of HIGHBURY_RD,2006-10-01 00:00:00,138
3685,WARRIGAL_RD S of HIGHBURY_RD,2006-10-01 00:00:00,162
3685,WARRIGAL_RD S of HIGHBURY_RD,2006-10-01 00:00:00,167
3685,WARRIGAL_RD S of HIGHBURY_RD,2006-10-01 00:00:00,166
3685,WARRIGAL_RD S of HIGHBURY_RD,2006-10-01 00:00:00,223
3685,WARRIGAL_RD S of HIGHBURY_RD,2006-10-01 00:00:00,220
3685,WARRIGAL_RD S of HIGHBURY_RD,2006-10-01 00:00:00,219
3685,WARRIGAL_RD S of HIGHBURY_RD,2006-10-01 00:00:00,289
3685,WARRIGAL_RD S of HIGHBURY_RD,2006-10-01 00:00:00,281
3685,WARRIGAL_RD S of HIGHBURY_RD,2006-10-01 00:00:00,276
3685,WARRIGAL_RD S of HIGHBURY_RD,2006-10-01 00:00:00,284
3685,WARRIGAL_RD S of HIGHBURY_RD,2006-10-01 00:00:00,297
3685,WARRIGAL_RD S of HIGHBURY_RD,2006-10-01 00:00:00,311
3685,WARRIGAL_RD S of HIGHBURY_RD,2006-10-01 00:00:00,413
3685,WARRIGAL_RD S of HIGHBURY_RD,2006-10-01 00:00:00,380
3685,WARRIGAL_RD S of HIGHBURY_RD,2006-10-01 00:00:00,398
3685,WARRIGAL_RD S of HIGHBURY_RD,2006-10-01 00:00:00,332
3685,WARRIGAL_RD S of HIGHBURY_RD,2006-10-01 00:00:00,399
3685,WARRIGAL_RD S of HIGHBURY_RD,2006-10-01 00:00:00,356
3685,WARRIGAL_RD S of HIGHBURY_RD,2006-10-01 00:00:00,337
3685,WARRIGAL_RD S of HIGHBURY_RD,2006-10-01 00:00:00,402
3685,WARRIGAL_RD S of HIGHBURY_RD,2006-10-01 00:00:00,358
3685,WARRIGAL_RD S of HIGHBURY_RD,2006-10-01 00:00:00,425
3685,WARRIGAL_RD S of HIGHBURY_RD,2006-10-01 00:00:00,395
3685,WARRIGAL_RD S of HIGHBURY_RD,2006-10-01 00:00:00,388
3685,WARRIGAL_RD S of HIGHBURY_RD,2006-10-01 00:00:00,449
3685,WARRIGAL_RD S of HIGHBURY_RD,2006-10-01 00:00:00,381
3685,WARRIGAL_RD S of HIGHBURY_RD,2006-10-01 00:00:00,391
3685,WARRIGAL_RD S of HIGHBURY_RD,2006-10-01 00:00:00,358
3685,WARRIGAL_RD S of HIGHBURY_RD,2006-10-01 00:00:00,392
3685,WARRIGAL_RD S of HIGHBURY_RD,2006-10-01 00:00:00,401
3685,WARRIGAL_RD S of HIGHBURY_RD,2006-10-01 00:00:00,409
3685,WARRIGAL_RD S of HIGHBURY_RD,2006-10-01 00:00:00,438
3685,WARRIGAL_RD S of HIGHBURY_RD,2006-10-01 00:00:00,470
3685,WARRIGAL_RD S of HIGHBURY_RD,2006-10-01 00:00:00,416
3685,WARRIGAL_RD S of HIGHBURY_RD,2006-10-01 00:00:00,443
3685,WARRIGAL_RD S of HIGHBURY_RD,2006-10-01 00:00:00,452
3685,WARRIGAL_RD S of HIGHBURY_RD,2006-10-01 00:00:00,434
3685,WARRIGAL_RD S of HIGHBURY_RD,2006-10-01 00:00:00,366
3685,WARRIGAL_RD S of HIGHBURY_RD,2006-10-01 00:00:00,309
3685,WARRIGAL_RD S of HIGHBURY_RD,2006-10-01 00:00:00,284
3685,WARRIGAL_RD S of HIGHBURY_RD,2006-10-01 00:00:00,233
3685,WARRIGAL_RD S of HIGHBURY_RD,2006-10-01 00:00:00,238
3685,WARRIGAL_RD S of HIGHBURY_RD,2006-10-01 00:00:00,225
3685,WARRIGAL_RD S of HIGHBURY_RD,2006-10-01 00:00:00,215
3685,WARRIGAL_RD S of HIGHBURY_RD,2006-10-01 00:00:00,194
3685,WARRIGAL_RD S of HIGHBURY_RD,2006-10-01 00:00:00,207
3685,WARRIGAL_RD S of HIGHBURY_RD,2006-10-01 00:00:00,150
3685,WARRIGAL_RD S of HIGHBURY_RD,2006-10-01 00:00:00,155
3685,WARRIGAL_RD S of HIGHBURY_RD,2006-10-01 00:00:00,182
3685,WARRIGAL_RD S of HIGHBURY_RD,2006-10-01 00:00:00,170
3685,WARRIGAL_RD S of HIGHBURY_RD,2006-10-01 00:00:00,195
3685,WARRIGAL_RD S of HIGHBURY_RD,2006-10-01 00:00:00,155
3685,WARRIGAL_RD S of HIGHBURY_RD,2006-10-01 00:00:00,148
3685,WARRIGAL_RD S of HIGHBURY_RD,2006-10-01 00:00:00,154
3685,WARRIGAL_RD S of HIGHBURY_RD,2006-10-01 00:00:00,140
3685,WARRIGAL_RD S of HIGHBURY_RD,2006-10-01 00:00:00,82
3685,WARRIGAL_RD S of HIGHBURY_RD,2006-10-01 00:00:00,92
3685,WARRIGAL_RD S of HIGHBURY_RD,2006-10-01 00:00:00,81
3685,WARRIGAL_RD S of HIGHBURY_RD,2006-10-01 00:00:00,75
3685,WARRIGAL_RD S of HIGHBURY_RD,2006-10-01 00:00:00,68
3685,WARRIGAL_RD S of HIGHBURY_RD,2006-10-01 00:00:00,50
3685,WARRIGAL_RD S of HIGHBURY_RD,2006-10-02 00:15:00,48
3685,WARRIGAL_RD S of HIGHBURY_RD,2006-10-02 00:15:00,33
3685,WARRIGAL_RD S of HIGHBURY_RD,2006-10-02 00:15:00,41
3685,WARRIGAL_RD S of HIGHBURY_RD,2006-10-02 00:15:00,30
3685,WARRIGAL_RD S of HIGHBURY_RD,2006-10-02 00:15:00,24
3685,WARRIGAL_RD S of HIGHBURY_RD,2006-10-02 00:15:00,15
3685,WARRIGAL_RD S of HIGHBURY_RD,2006-10-02 00:15:00,17
3685,WARRIGAL_RD S of HIGHBURY_RD,2006-10-02 00:15:00,16
3685,WARRIGAL_RD S of HIGHBURY_RD,2006-10-02 00:15:00,8
3685,WARRIGAL_RD S of HIGHBURY_RD,2006-10-02 00:15:00,16
3685,WARRIGAL_RD S of HIGHBURY_RD,2006-10-02 00:15:00,25
3685,WARRIGAL_RD S of HIGHBURY_RD,2006-10-02 00:15:00,10
3685,WARRIGAL_RD S of HIGHBURY_RD,2006-10-02 00:15:00,5
3685,WARRIGAL_RD S of HIGHBURY_RD,2006-10-02 00:15:00,13
3685,WARRIGAL_RD S of HIGHBURY_RD,2006-10-02 00:15:00,16
3685,WARRIGAL_RD S of HIGHBURY_RD,2006-10-02 00:15:00,8
3685,WARRIGAL_RD S of HIGHBURY_RD,2006-10-02 00:15:00,12
3685,WARRIGAL_RD S of HIGHBURY_RD,2006-10-02 00:15:00,13
3685,WARRIGAL_RD S of HIGHBURY_RD,2006-10-02 00:15:00,9
3685,WARRIGAL_RD S of HIGHBURY_RD,2006-10-02 00:15:00,30
3685,WARRIGAL_RD S of HIGHBURY_RD,2006-10-02 00:15:00,23
3685,WARRIGAL_RD S of HIGHBURY_RD,2006-10-02 00:15:00,37
3685,WARRIGAL_RD S of HIGHBURY_RD,2006-10-02 00:15:00,36
3685,WARRIGAL_RD S of HIGHBURY_RD,2006-10-02 00:15:00,71
3685,WARRIGAL_RD S of HIGHBURY_RD,2006-10-02 00:15:00,93
3685,WARRIGAL_RD S of HIGHBURY_RD,2006-10-02 00:15:00,171
3685,WARRIGAL_RD S of HIGHBURY_RD,2006-10-02 00:15:00,197
3685,WARRIGAL_RD S of HIGHBURY_RD,2006-10-02 00:15:00,221
3685,WARRIGAL_RD S of HIGHBURY_RD,2006-10-02 00:15:00,261
3685,WARRIGAL_RD S of HIGHBURY_RD,2006-10-02 00:15:00,362
3685,WARRIGAL_RD S of HIGHBURY_RD,2006-10-02 00:15:00,392
3685,WARRIGAL_RD S of HIGHBURY_RD,2006-10-02 00:15:00,432
3685,WARRIGAL_RD S of HIGHBURY_RD,2006-10-02 00:15:00,483
3685,WARRIGAL_RD S of HIGHBURY_RD,2006-10-02 00:15:00,452
3685,WARRIGAL_RD S of HIGHBURY_RD,2006-10-02 00:15:00,478
3685,WARRIGAL_RD S of HIGHBURY_RD,2006-10-02 00:15:00,407
3685,WARRIGAL_RD S of HIGHBURY_RD,2006-10-02 00:15:00,341
3685,WARRIGAL_RD S of HIGHBURY_RD,2006-10-02 00:15:00,360
3685,WARRIGAL_RD S of HIGHBURY_RD,2006-10-02 00:15:00,373
3685,WARRIGAL_RD S of HIGHBURY_RD,2006-10-02 00:15:00,355
3685,WARRIGAL_RD S of HIGHBURY_RD,2006-10-02 00:15:00,316
3685,WARRIGAL_RD S of HIGHBURY_RD,2006-10-02 00:15:00,340
3685,WARRIGAL_RD S of HIGHBURY_RD,2006-10-02 00:15:00,316
3685,WARRIGAL_RD S of HIGHBURY_RD,2006-10-02 00:15:00,318
3685,WARRIGAL_RD S of HIGHBURY_RD,2006-10-02 00:15:00,299
3685,WARRIGAL_RD S of HIGHBURY_RD,2006-10-02 00:15:00,315
3685,WARRIGAL_RD S of HIGHBURY_RD,2006-10-02 00:15:00,355
3685,WARRIGAL_RD S of HIGHBURY_RD,2006-10-02 00:15:00,358
3685,WARRIGAL_RD S of HIGHBURY_RD,2006-10-02 00:15:00,329
3685,WARRIGAL_RD S of HIGHBURY_RD,2006-10-02 00:15:00,338
3685,WARRIGAL_RD S of HIGHBURY_RD,2006-10-02 00:15:00,331
3685,WARRIGAL_RD S of HIGHBURY_RD,2006-10-02 00:15:00,345
3685,WARRIGAL_RD S of HIGHBURY_RD,2006-10-02 00:15:00,321
3685,WARRIGAL_RD S of HIGHBURY_RD,2006-10-02 00:15:00,370
3685,WARRIGAL_RD S of HIGHBURY_RD,2006-10-02 00:15:00,357
3685,WARRIGAL_RD S of HIGHBURY_RD,2006-10-02 00:15:00,348
3685,WARRIGAL_RD S of HIGHBURY_RD,2006-10-02 00:15:00,353
3685,WARRIGAL_RD S of HIGHBURY_RD,2006-10-02 00:15:00,349
3685,WARRIGAL_RD S of HIGHBURY_RD,2006-10-02 00:15:00,416
3685,WARRIGAL_RD S of HIGHBURY_RD,2006-10-02 00:15:00,411
3685,WARRIGAL_RD S of HIGHBURY_RD,2006-10-02 00:15:00,413
3685,WARRIGAL_RD S of HIGHBURY_RD,2006-10-02 00:15:00,391
3685,WARRIGAL_RD S of HIGHBURY_RD,2006-10-02 00:15:00,465
3685,WARRIGAL_RD S of HIGHBURY_RD,2006-10-02 00:15:00,483
3685,WARRIGAL_RD S of HIGHBURY_RD,2006-10-02 00:15:00,465
3685,WARRIGAL_RD S of HIGHBURY_RD,2006-10-02 00:15:00,542
3685,WARRIGAL_RD S of HIGHBURY_RD,2006-10-02 00:15:00,561
3685,WARRIGAL_RD S of HIGHBURY_RD,2006-10-02 00:15:00,495
3685,WARRIGAL_RD S of HIGHBURY_RD,2006-10-02 00:15:00,571
3685,WARRIGAL_RD S of HIGHBURY_RD,2006-10-02 00:15:00,568
3685,WARRIGAL_RD S of HIGHBURY_RD,2006-10-02 00:15:00,527
3685,WARRIGAL_RD S of HIGHBURY_RD,2006-10-02 00:15:00,580
3685,WARRIGAL_RD S of HIGHBURY_RD,2006-10-02 00:15:00,547
3685,WARRIGAL_RD S of HIGHBURY_RD,2006-10-02 00:15:00,550
3685,WARRIGAL_RD S of HIGHBURY_RD,2006-10-02 00:15:00,417
3685,WARRIGAL_RD S of HIGHBURY_RD,2006-10-02 00:15:00,361
3685,WARRIGAL_RD S of HIGHBURY_RD,2006-10-02 00:15:00,342
3685,WARRIGAL_RD S of HIGHBURY_RD,2006-10-02 00:15:00,293
3685,WARRIGAL_RD S of HIGHBURY_RD,2006-10-02 00:15:00,321
3685,WARRIGAL_RD S of HIGHBURY_RD,2006-10-02 00:15:00,295
3685,WARRIGAL_RD S of HIGHBURY_RD,2006-10-02 00:15:00,235
3685,WARRIGAL_RD S of HIGHBURY_RD,2006-10-02 00:15:00,203
3685,WARRIGAL_RD S of HIGHBURY_RD,2006-10-02 00:15:00,227
3685,WARRIGAL_RD S of HIGHBURY_RD,2006-10-02 00:15:00,203
3685,WARRIGAL_RD S of HIGHBURY_RD,2006-10-02 00:15:00,209
3685,WARRIGAL_RD S of HIGHBURY_RD,2006-10-02 00:15:00,193
3685,WARRIGAL_RD S of HIGHBURY_RD,2006-10-02 00:15:00,151
3685,WARRIGAL_RD S of HIGHBURY_RD,2006-10-02 00:15:00,171
3685,WARRIGAL_RD S of HIGHBURY_RD,2006-10-02 00:15:00,169
3685,WARRIGAL_RD S of HIGHBURY_RD,2006-10-02 00:15:00,145
3685,WARRIGAL_RD S of HIGHBURY_RD,2006-10-02 00:15:00,121
3685,WARRIGAL_RD S of HIGHBURY_RD,2006-10-02 00:15:00,90
3685,WARRIGAL_RD S of HIGHBURY_RD,2006-10-02 00:15:00,111
3685,WARRIGAL_RD S of HIGHBURY_RD,2006-10-02 00:15:00,85
3685,WARRIGAL_RD S of HIGHBURY_RD,2006-10-02 00:15:00,70
3685,WARRIGAL_RD S of HIGHBURY_RD,2006-10-02 00:15:00,54
3685,WARRIGAL_RD S of HIGHBURY_RD,2006-10-03 00:30:00,31
3685,WARRIGAL_RD S of HIGHBURY_RD,2006-10-03 00:30:00,45
3685,WARRIGAL_RD S of HIGHBURY_RD,2006-10-03 00:30:00,23
3685,WARRIGAL_RD S of HIGHBURY_RD,2006-10-03 00:30:00,19
3685,WARRIGAL_RD S of HIGHBURY_RD,2006-10-03 00:30:00,15
3685,WARRIGAL_RD S of HIGHBURY_RD,2006-10-03 00:30:00,16
3685,WARRIGAL_RD S of HIGHBURY_RD,2006-10-03 00:30:00,10
3685,WARRIGAL_RD S of HIGHBURY_RD,2006-10-03 00:30:00,16
3685,WARRIGAL_RD S of HIGHBURY_RD,2006-10-03 00:30:00,24
3685,WARRIGAL_RD S of HIGHBURY_RD,2006-10-03 00:30:00,9
3685,WARRIGAL_RD S of HIGHBURY_RD,2006-10-03 00:30:00,14
3685,WARRIGAL_RD S of HIGHBURY_RD,2006-10-03 00:30:00,8
3685,WARRIGAL_RD S of HIGHBURY_RD,2006-10-03 00:30:00,8
3685,WARRIGAL_RD S of HIGHBURY_RD,2006-10-03 00:30:00,12
3685,WARRIGAL_RD S of HIGHBURY_RD,2006-10-03 00:30:00,8
3685,WARRIGAL_RD S of HIGHBURY_RD,2006-10-03 00:30:00,13
3685,WARRIGAL_RD S of HIGHBURY_RD,2006-10-03 00:30:00,13
3685,WARRIGAL_RD S of HIGHBURY_RD,2006-10-03 00:30:00,12
3685,WARRIGAL_RD S of HIGHBURY_RD,2006-10-03 00:30:00,16
3685,WARRIGAL_RD S of HIGHBURY_RD,2006-10-03 00:30:00,20
3685,WARRIGAL_RD S of HIGHBURY_RD,2006-10-03 00:30:00,16
3685,WARRIGAL_RD S of HIGHBURY_RD,2006-10-03 00:30:00,32
3685,WARRIGAL_RD S of HIGHBURY_RD,2006-10-03 00:30:00,48
3685,WARRIGAL_RD S of HIGHBURY_RD,2006-10-03 00:30:00,80
3685,WARRIGAL_RD S of HIGHBURY_RD,2006-10-03 00:30:00,109
3685,WARRIGAL_RD S of HIGHBURY_RD,2006-10-03 00:30:00,182
3685,WARRIGAL_RD S of HIGHBURY_RD,2006-10-03 00:30:00,227
3685,WARRIGAL_RD S of HIGHBURY_RD,2006-10-03 00:30:00,274
3685,WARRIGAL_RD S of HIGHBURY_RD,2006-10-03 00:30:00,316
3685,WARRIGAL_RD S of HIGHBURY_RD,2006-10-03 00:30:00,362
3685,WARRIGAL_RD S of HIGHBURY_RD,2006-10-03 00:30:00,417
3685,WARRIGAL_RD S of HIGHBURY_RD,2006-10-03 00:30:00,374
3685,WARRIGAL_RD S of HIGHBURY_RD,2006-10-03 00:30:00,461
3685,WARRIGAL_RD S of HIGHBURY_RD,2006-10-03 00:30:00,515
3685,WARRIGAL_RD S of HIGHBURY_RD,2006-10-03 00:30:00,514
3685,WARRIGAL_RD S of HIGHBURY_RD,2006-10-03 00:30:00,512
3685,WARRIGAL_RD S of HIGHBURY_RD,2006-10-03 00:30:00,483
3685,WARRIGAL_RD S of HIGHBURY_RD,2006-10-03 00:30:00,374
3685,WARRIGAL_RD S of HIGHBURY_RD,2006-10-03 00:30:00,392
3685,WARRIGAL_RD S of HIGHBURY_RD,2006-10-03 00:30:00,334
3685,WARRIGAL_RD S of HIGHBURY_RD,2006-10-03 00:30:00,374
3685,WARRIGAL_RD S of HIGHBURY_RD,2006-10-03 00:30:00,326
3685,WARRIGAL_RD S of HIGHBURY_RD,2006-10-03 00:30:00,380
3685,WARRIGAL_RD S of HIGHBURY_RD,2006-10-03 00:30:00,329
3685,WARRIGAL_RD S of HIGHBURY_RD,2006-10-03 00:30:00,308
3685,WARRIGAL_RD S of HIGHBURY_RD,2006-10-03 00:30:00,322
3685,WARRIGAL_RD S of HIGHBURY_RD,2006-10-03 00:30:00,381
3685,WARRIGAL_RD S of HIGHBURY_RD,2006-10-03 00:30:00,348
3685,WARRIGAL_RD S of HIGHBURY_RD,2006-10-03 00:30:00,355
3685,WARRIGAL_RD S of HIGHBURY_RD,2006-10-03 00:30:00,355
3685,WARRIGAL_RD S of HIGHBURY_RD,2006-10-03 00:30:00,372
3685,WARRIGAL_RD S of HIGHBURY_RD,2006-10-03 00:30:00,352
3685,WARRIGAL_RD S of HIGHBURY_RD,2006-10-03 00:30:00,358
3685,WARRIGAL_RD S of HIGHBURY_RD,2006-10-03 00:30:00,356
3685,WARRIGAL_RD S of HIGHBURY_RD,2006-10-03 00:30:00,332
3685,WARRIGAL_RD S of HIGHBURY_RD,2006-10-03 00:30:00,362
3685,WARRIGAL_RD S of HIGHBURY_RD,2006-10-03 00:30:00,386
3685,WARRIGAL_RD S of HIGHBURY_RD,2006-10-03 00:30:00,541
3685,WARRIGAL_RD S of HIGHBURY_RD,2006-10-03 00:30:00,393
3685,WARRIGAL_RD S of HIGHBURY_RD,2006-10-03 00:30:00,460
3685,WARRIGAL_RD S of HIGHBURY_RD,2006-10-03 00:30:00,468
3685,WARRIGAL_RD S of HIGHBURY_RD,2006-10-03 00:30:00,440
3685,WARRIGAL_RD S of HIGHBURY_RD,2006-10-03 00:30:00,481
3685,WARRIGAL_RD S of HIGHBURY_RD,2006-10-03 00:30:00,531
3685,WARRIGAL_RD S of HIGHBURY_RD,2006-10-03 00:30:00,522
3685,WARRIGAL_RD S of HIGHBURY_RD,2006-10-03 00:30:00,555
3685,WARRIGAL_RD S of HIGHBURY_RD,2006-10-03 00:30:00,545
3685,WARRIGAL_RD S of HIGHBURY_RD,2006-10-03 00:30:00,624
3685,WARRIGAL_RD S of HIGHBURY_RD,2006-10-03 00:30:00,549
3685,WARRIGAL_RD S of HIGHBURY_RD,2006-10-03 00:30:00,503
3685,WARRIGAL_RD S of HIGHBURY_RD,2006-10-03 00:30:00,549
3685,WARRIGAL_RD S of HIGHBURY_RD,2006-10-03 00:30:00,606
3685,WARRIGAL_RD S of HIGHBURY_RD,2006-10-03 00:30:00,574
3685,WARRIGAL_RD S of HIGHBURY_RD,2006-10-03 00:30:00,543
3685,WARRIGAL_RD S of HIGHBURY_RD,2006-10-03 00:30:00,504
3685,WARRIGAL_RD S of HIGHBURY_RD,2006-10-03 00:30:00,413
3685,WARRIGAL_RD S of HIGHBURY_RD,2006-10-03 00:30:00,375
3685,WARRIGAL_RD S of HIGHBURY_RD,2006-10-03 00:30:00,334
3685,WARRIGAL_RD S of HIGHBURY_RD,2006-10-03 00:30:00,292
3685,WARRIGAL_RD S of HIGHBURY_RD,2006-10-03 00:30:00,278
3685,WARRIGAL_RD S of HIGHBURY_RD,2006-10-03 00:30:00,273
3685,WARRIGAL_RD S of HIGHBURY_RD,2006-10-03 00:30:00,215
3685,WARRIGAL_RD S of HIGHBURY_RD,2006-10-03 00:30:00,211
3685,WARRIGAL_RD S of HIGHBURY_RD,2006-10-03 00:30:00,260
3685,WARRIGAL_RD S of HIGHBURY_RD,2006-10-03 00:30:00,257
3685,WARRIGAL_RD S of HIGHBURY_RD,2006-10-03 00:30:00,234
3685,WARRIGAL_RD S of HIGHBURY_RD,2006-10-03 00:30:00,196
3685,WARRIGAL_RD S of HIGHBURY_RD,2006-10-03 00:30:00,224
3685,WARRIGAL_RD S of HIGHBURY_RD,2006-10-03 00:30:00,189
3685,WARRIGAL_RD S of HIGHBURY_RD,2006-10-03 00:30:00,153
3685,WARRIGAL_RD S of HIGHBURY_RD,2006-10-03 00:30:00,167
3685,WARRIGAL_RD S of HIGHBURY_RD,2006-10-03 00:30:00,140
3685,WARRIGAL_RD S of HIGHBURY_RD,2006-10-03 00:30:00,125
3685,WARRIGAL_RD S of HIGHBURY_RD,2006-10-03 00:30:00,87
3685,WARRIGAL_RD S of HIGHBURY_RD,2006-10-03 00:30:00,95
3685,WARRIGAL_RD S of HIGHBURY_RD,2006-10-03 00:30:00,50
3685,WARRIGAL_RD S of HIGHBURY_RD,2006-10-04 00:45:00,50
3685,WARRIGAL_RD S of HIGHBURY_RD,2006-10-04 00:45:00,61
3685,WARRIGAL_RD S of HIGHBURY_RD,2006-10-04 00:45:00,49
3685,WARRIGAL_RD S of HIGHBURY_RD,2006-10-04 00:45:00,27
3685,WARRIGAL_RD S of HIGHBURY_RD,2006-10-04 00:45:00,28
3685,WARRIGAL_RD S of HIGHBURY_RD,2006-10-04 00:45:00,28
3685,WARRIGAL_RD S of HIGHBURY_RD,2006-10-04 00:45:00,24
3685,WARRIGAL_RD S of HIGHBURY_RD,2006-10-04 00:45:00,8
3685,WARRIGAL_RD S of HIGHBURY_RD,2006-10-04 00:45:00,16
3685,WARRIGAL_RD S of HIGHBURY_RD,2006-10-04 00:45:00,13
3685,WARRIGAL_RD S of HIGHBURY_RD,2006-10-04 00:45:00,16
3685,WARRIGAL_RD S of HIGHBURY_RD,2006-10-04 00:45:00,4
3685,WARRIGAL_RD S of HIGHBURY_RD,2006-10-04 00:45:00,4
3685,WARRIGAL_RD S of HIGHBURY_RD,2006-10-04 00:45:00,5
3685,WARRIGAL_RD S of HIGHBURY_RD,2006-10-04 00:45:00,14
3685,WARRIGAL_RD S of HIGHBURY_RD,2006-10-04 00:45:00,15
3685,WARRIGAL_RD S of HIGHBURY_RD,2006-10-04 00:45:00,13
3685,WARRIGAL_RD S of HIGHBURY_RD,2006-10-04 00:45:00,13
3685,WARRIGAL_RD S of HIGHBURY_RD,2006-10-04 00:45:00,24
3685,WARRIGAL_RD S of HIGHBURY_RD,2006-10-04 00:45:00,18
3685,WARRIGAL_RD S of HIGHBURY_RD,2006-10-04 00:45:00,13
3685,WARRIGAL_RD S of HIGHBURY_RD,2006-10-04 00:45:00,29
3685,WARRIGAL_RD S of HIGHBURY_RD,2006-10-04 00:45:00,59
3685,WARRIGAL_RD S of HIGHBURY_RD,2006-10-04 00:45:00,77
3685,WARRIGAL_RD S of HIGHBURY_RD,2006-10-04 00:45:00,108
3685,WARRIGAL_RD S of HIGHBURY_RD,2006-10-04 00:45:00,153
3685,WARRIGAL_RD S of HIGHBURY_RD,2006-10-04 00:45:00,262
3685,WARRIGAL_RD S of HIGHBURY_RD,2006-10-04 00:45:00,263
3685,WARRIGAL_RD S of HIGHBURY_RD,2006-10-04 00:45:00,299
3685,WARRIGAL_RD S of HIGHBURY_RD,2006-10-04 00:45:00,379
3685,WARRIGAL_RD S of HIGHBURY_RD,2006-10-04 00:45:00,380
3685,WARRIGAL_RD S of HIGHBURY_RD,2006-10-04 00:45:00,493
3685,WARRIGAL_RD S of HIGHBURY_RD,2006-10-04 00:45:00,450
3685,WARRIGAL_RD S of HIGHBURY_RD,2006-10-04 00:45:00,453
3685,WARRIGAL_RD S of HIGHBURY_RD,2006-10-04 00:45:00,489
3685,WARRIGAL_RD S of HIGHBURY_RD,2006-10-04 00:45:00,449
3685,WARRIGAL_RD S of HIGHBURY_RD,2006-10-04 00:45:00,411
3685,WARRIGAL_RD S of HIGHBURY_RD,2006-10-04 00:45:00,420
3685,WARRIGAL_RD S of HIGHBURY_RD,2006-10-04 00:45:00,358
3685,WARRIGAL_RD S of HIGHBURY_RD,2006-10-04 00:45:00,421
3685,WARRIGAL_RD S of HIGHBURY_RD,2006-10-04 00:45:00,336
3685,WARRIGAL_RD S of HIGHBURY_RD,2006-10-04 00:45:00,356
3685,WARRIGAL_RD S of HIGHBURY_RD,2006-10-04 00:45:00,348
3685,WARRIGAL_RD S of HIGHBURY_RD,2006-10-04 00:45:00,372
3685,WARRIGAL_RD S of HIGHBURY_RD,2006-10-04 00:45:00,367
3685,WARRIGAL_RD S of HIGHBURY_RD,2006-10-04 00:45:00,359
3685,WARRIGAL_RD S of HIGHBURY_RD,2006-10-04 00:45:00,373
3685,WARRIGAL_RD S of HIGHBURY_RD,2006-10-04 00:45:00,358
3685,WARRIGAL_RD S of HIGHBURY_RD,2006-10-04 00:45:00,404
3685,WARRIGAL_RD S of HIGHBURY_RD,2006-10-04 00:45:00,372
3685,WARRIGAL_RD S of HIGHBURY_RD,2006-10-04 00:45:00,351
3685,WARRIGAL_RD S of HIGHBURY_RD,2006-10-04 00:45:00,358
3685,WARRIGAL_RD S of HIGHBURY_RD,2006-10-04 00:45:00,361
3685,WARRIGAL_RD S of HIGHBURY_RD,2006-10-04 00:45:00,345
3685,WARRIGAL_RD S of HIGHBURY_RD,2006-10-04 00:45:00,372
3685,WARRIGAL_RD S of HIGHBURY_RD,2006-10-04 00:45:00,363
3685,WARRIGAL_RD S of HIGHBURY_RD,2006-10-04 00:45:00,359
3685,WARRIGAL_RD S of HIGHBURY_RD,2006-10-04 00:45:00,382
3685,WARRIGAL_RD S of HIGHBURY_RD,2006-10-04 00:45:00,414
3685,WARRIGAL_RD S of HIGHBURY_RD,2006-10-04 00:45:00,377
3685,WARRIGAL_RD S of HIGHBURY_RD,2006-10-04 00:45:00,459
3685,WARRIGAL_RD S of HIGHBURY_RD,2006-10-04 00:45:00,433
3685,WARRIGAL_RD S of HIGHBURY_RD,2006-10-04 00:45:00,494
3685,WARRIGAL_RD S of HIGHBURY_RD,2006-10-04 00:45:00,520
3685,WARRIGAL_RD S of HIGHBURY_RD,2006-10-04 00:45:00,461
3685,WARRIGAL_RD S of HIGHBURY_RD,2006-10-04 00:45:00,534
3685,WARRIGAL_RD S of HIGHBURY_RD,2006-10-04 00:45:00,559
3685,WARRIGAL_RD S of HIGHBURY_RD,2006-10-04 00:45:00,570
3685,WARRIGAL_RD S of HIGHBURY_RD,2006-10-04 00:45:00,530
3685,WARRIGAL_RD S of HIGHBURY_RD,2006-10-04 00:45:00,554
3685,WARRIGAL_RD S of HIGHBURY_RD,2006-10-04 00:45:00,549
3685,WARRIGAL_RD S of HIGHBURY_RD,2006-10-04 00:45:00,580
3685,WARRIGAL_RD S of HIGHBURY_RD,2006-10-04 00:45:00,565
3685,WARRIGAL_RD S of HIGHBURY_RD,2006-10-04 00:45:00,536
3685,WARRIGAL_RD S of HIGHBURY_RD,2006-10-04 00:45:00,468
3685,WARRIGAL_RD S of HIGHBURY_RD,2006-10-04 00:45:00,408
3685,WARRIGAL_RD S of HIGHBURY_RD,2006-10-04 00:45:00,375
3685,WARRIGAL_RD S of HIGHBURY_RD,2006-10-04 00:45:00,372
3685,WARRIGAL_RD S of HIGHBURY_RD,2006-10-04 00:45:00,305
3685,WARRIGAL_RD S of HIGHBURY_RD,2006-10-04 00:45:00,220
3685,WARRIGAL_RD S of HIGHBURY_RD,2006-10-04 00:45:00,247
3685,WARRIGAL_RD S of HIGHBURY_RD,2006-10-04 00:45:00,254
3685,WARRIGAL_RD S of HIGHBURY_RD,2006-10-04 00:45:00,229
3685,WARRIGAL_RD S of HIGHBURY_RD,2006-10-04 00:45:00,214
3685,WARRIGAL_RD S of HIGHBURY_RD,2006-10-04 00:45:00,206
3685,WARRIGAL_RD S of HIGHBURY_RD,2006-10-04 00:45:00,226
3685,WARRIGAL_RD S of HIGHBURY_RD,2006-10-04 00:45:00,234
3685,WARRIGAL_RD S of HIGHBURY_RD,2006-10-04 00:45:00,187
3685,WARRIGAL_RD S of HIGHBURY_RD,2006-10-04 00:45:00,207
3685,WARRIGAL_RD S of HIGHBURY_RD,2006-10-04 00:45:00,179
3685,WARRIGAL_RD S of HIGHBURY_RD,2006-10-04 00:45:00,125
3685,WARRIGAL_RD S of HIGHBURY_RD,2006-10-04 00:45:00,134
3685,WARRIGAL_RD S of HIGHBURY_RD,2006-10-04 00:45:00,133
3685,WARRIGAL_RD S of HIGHBURY_RD,2006-10-04 00:45:00,123
3685,WARRIGAL_RD S of HIGHBURY_RD,2006-10-04 00:45:00,78
3685,WARRIGAL_RD S of HIGHBURY_RD,2006-10-04 00:45:00,73
3685,WARRIGAL_RD S of HIGHBURY_RD,2006-10-05 01:00:00,61
3685,WARRIGAL_RD S of HIGHBURY_RD,2006-10-05 01:00:00,55
3685,WARRIGAL_RD S of HIGHBURY_RD,2006-10-05 01:00:00,41
3685,WARRIGAL_RD S of HIGHBURY_RD,2006-10-05 01:00:00,30
3685,WARRIGAL_RD S of HIGHBURY_RD,2006-10-05 01:00:00,24
3685,WARRIGAL_RD S of HIGHBURY_RD,2006-10-05 01:00:00,37
3685,WARRIGAL_RD S of HIGHBURY_RD,2006-10-05 01:00:00,40
3685,WARRIGAL_RD S of HIGHBURY_RD,2006-10-05 01:00:00,24
3685,WARRIGAL_RD S of HIGHBURY_RD,2006-10-05 01:00:00,19
3685,WARRIGAL_RD S of HIGHBURY_RD,2006-10-05 01:00:00,22
3685,WARRIGAL_RD S of HIGHBURY_RD,2006-10-05 01:00:00,12
3685,WARRIGAL_RD S of HIGHBURY_RD,2006-10-05 01:00:00,13
3685,WARRIGAL_RD S of HIGHBURY_RD,2006-10-05 01:00:00,11
3685,WARRIGAL_RD S of HIGHBURY_RD,2006-10-05 01:00:00,16
3685,WARRIGAL_RD S of HIGHBURY_RD,2006-10-05 01:00:00,20
3685,WARRIGAL_RD S of HIGHBURY_RD,2006-10-05 01:00:00,11
3685,WARRIGAL_RD S of HIGHBURY_RD,2006-10-05 01:00:00,16
3685,WARRIGAL_RD S of HIGHBURY_RD,2006-10-05 01:00:00,16
3685,WARRIGAL_RD S of HIGHBURY_RD,2006-10-05 01:00:00,20
3685,WARRIGAL_RD S of HIGHBURY_RD,2006-10-05 01:00:00,21
3685,WARRIGAL_RD S of HIGHBURY_RD,2006-10-05 01:00:00,18
3685,WARRIGAL_RD S of HIGHBURY_RD,2006-10-05 01:00:00,32
3685,WARRIGAL_RD S of HIGHBURY_RD,2006-10-05 01:00:00,53
3685,WARRIGAL_RD S of HIGHBURY_RD,2006-10-05 01:00:00,63
3685,WARRIGAL_RD S of HIGHBURY_RD,2006-10-05 01:00:00,134
3685,WARRIGAL_RD S of HIGHBURY_RD,2006-10-05 01:00:00,139
3685,WARRIGAL_RD S of HIGHBURY_RD,2006-10-05 01:00:00,194
3685,WARRIGAL_RD S of HIGHBURY_RD,2006-10-05 01:00:00,222
3685,WARRIGAL_RD S of HIGHBURY_RD,2006-10-05 01:00:00,281
3685,WARRIGAL_RD S of HIGHBURY_RD,2006-10-05 01:00:00,309
3685,WARRIGAL_RD S of HIGHBURY_RD,2006-10-05 01:00:00,360
3685,WARRIGAL_RD S of HIGHBURY_RD,2006-10-05 01:00:00,461
3685,WARRIGAL_RD S of HIGHBURY_RD,2006-10-05 01:00:00,433
3685,WARRIGAL_RD S of HIGHBURY_RD,2006-10-05 01:00:00,527
3685,WARRIGAL_RD S of HIGHBURY_RD,2006-10-05 01:00:00,459
3685,WARRIGAL_RD S of HIGHBURY_RD,2006-10-05 01:00:00,453
3685,WARRIGAL_RD S of HIGHBURY_RD,2006-10-05 01:00:00,395
3685,WARRIGAL_RD S of HIGHBURY_RD,2006-10-05 01:00:00,405
3685,WARRIGAL_RD S of HIGHBURY_RD,2006-10-05 01:00:00,376
3685,WARRIGAL_RD S of HIGHBURY_RD,2006-10-05 01:00:00,369
3685,WARRIGAL_RD S of HIGHBURY_RD,2006-10-05 01:00:00,395
3685,WARRIGAL_RD S of HIGHBURY_RD,2006-10-05 01:00:00,334
3685,WARRIGAL_RD S of HIGHBURY_RD,2006-10-05 01:00:00,351
3685,WARRIGAL_RD S of HIGHBURY_RD,2006-10-05 01:00:00,312
3685,WARRIGAL_RD S of HIGHBURY_RD,2006-10-05 01:00:00,340
3685,WARRIGAL_RD S of HIGHBURY_RD,2006-10-05 01:00:00,373
3685,WARRIGAL_RD S of HIGHBURY_RD,2006-10-05 01:00:00,415
3685,WARRIGAL_RD S of HIGHBURY_RD,2006-10-05 01:00:00,358
3685,WARRIGAL_RD S of HIGHBURY_RD,2006-10-05 01:00:00,360
3685,WARRIGAL_RD S of HIGHBURY_RD,2006-10-05 01:00:00,379
3685,WARRIGAL_RD S of HIGHBURY_RD,2006-10-05 01:00:00,407
3685,WARRIGAL_RD S of HIGHBURY_RD,2006-10-05 01:00:00,352
3685,WARRIGAL_RD S of HIGHBURY_RD,2006-10-05 01:00:00,391
3685,WARRIGAL_RD S of HIGHBURY_RD,2006-10-05 01:00:00,324
3685,WARRIGAL_RD S of HIGHBURY_RD,2006-10-05 01:00:00,378
3685,WARRIGAL_RD S of HIGHBURY_RD,2006-10-05 01:00:00,404
3685,WARRIGAL_RD S of HIGHBURY_RD,2006-10-05 01:00:00,458
3685,WARRIGAL_RD S of HIGHBURY_RD,2006-10-05 01:00:00,436
3685,WARRIGAL_RD S of HIGHBURY_RD,2006-10-05 01:00:00,447
3685,WARRIGAL_RD S of HIGHBURY_RD,2006-10-05 01:00:00,448
3685,WARRIGAL_RD S of HIGHBURY_RD,2006-10-05 01:00:00,508
3685,WARRIGAL_RD S of HIGHBURY_RD,2006-10-05 01:00:00,522
3685,WARRIGAL_RD S of HIGHBURY_RD,2006-10-05 01:00:00,453
3685,WARRIGAL_RD S of HIGHBURY_RD,2006-10-05 01:00:00,531
3685,WARRIGAL_RD S of HIGHBURY_RD,2006-10-05 01:00:00,467
3685,WARRIGAL_RD S of HIGHBURY_RD,2006-10-05 01:00:00,559
3685,WARRIGAL_RD S of HIGHBURY_RD,2006-10-05 01:00:00,513
3685,WARRIGAL_RD S of HIGHBURY_RD,2006-10-05 01:00:00,540
3685,WARRIGAL_RD S of HIGHBURY_RD,2006-10-05 01:00:00,533
3685,WARRIGAL_RD S of HIGHBURY_RD,2006-10-05 01:00:00,617
3685,WARRIGAL_RD S of HIGHBURY_RD,2006-10-05 01:00:00,589
3685,WARRIGAL_RD S of HIGHBURY_RD,2006-10-05 01:00:00,567
3685,WARRIGAL_RD S of HIGHBURY_RD,2006-10-05 01:00:00,572
3685,WARRIGAL_RD S of HIGHBURY_RD,2006-10-05 01:00:00,580
3685,WARRIGAL_RD S of HIGHBURY_RD,2006-10-05 01:00:00,478
3685,WARRIGAL_RD S of HIGHBURY_RD,2006-10-05 01:00:00,418
3685,WARRIGAL_RD S of HIGHBURY_RD,2006-10-05 01:00:00,394
3685,WARRIGAL_RD S of HIGHBURY_RD,2006-10-05 01:00:00,354
3685,WARRIGAL_RD S of HIGHBURY_RD,2006-10-05 01:00:00,371
3685,WARRIGAL_RD S of HIGHBURY_RD,2006-10-05 01:00:00,343
3685,WARRIGAL_RD S of HIGHBURY_RD,2006-10-05 01:00:00,303
3685,WARRIGAL_RD S of HIGHBURY_RD,2006-10-05 01:00:00,246
3685,WARRIGAL_RD S of HIGHBURY_RD,2006-10-05 01:00:00,312
3685,WARRIGAL_RD S of HIGHBURY_RD,2006-10-05 01:00:00,317
3685,WARRIGAL_RD S of HIGHBURY_RD,2006-10-05 01:00:00,252
3685,WARRIGAL_RD S of HIGHBURY_RD,2006-10-05 01:00:00,235
3685,WARRIGAL_RD S of HIGHBURY_RD,2006-10-05 01:00:00,265
3685,WARRIGAL_RD S of HIGHBURY_RD,2006-10-05 01:00:00,221
3685,WARRIGAL_RD S of HIGHBURY_RD,2006-10-05 01:00:00,237
3685,WARRIGAL_RD S of HIGHBURY_RD,2006-10-05 01:00:00,187
3685,WARRIGAL_RD S of HIGHBURY_RD,2006-10-05 01:00:00,163
3685,WARRIGAL_RD S of HIGHBURY_RD,2006-10-05 01:00:00,182
3685,WARRIGAL_RD S of HIGHBURY_RD,2006-10-05 01:00:00,188
3685,WARRIGAL_RD S of HIGHBURY_RD,2006-10-05 01:00:00,113
3685,WARRIGAL_RD S of HIGHBURY_RD,2006-10-05 01:00:00,108
3685,WARRIGAL_RD S of HIGHBURY_RD,2006-10-05 01:00:00,83
3685,WARRIGAL_RD S of HIGHBURY_RD,2006-10-06 01:15:00,63
3685,WARRIGAL_RD S of HIGHBURY_RD,2006-10-06 01:15:00,70
3685,WARRIGAL_RD S of HIGHBURY_RD,2006-10-06 01:15:00,52
3685,WARRIGAL_RD S of HIGHBURY_RD,2006-10-06 01:15:00,34
3685,WARRIGAL_RD S of HIGHBURY_RD,2006-10-06 01:15:00,29
3685,WARRIGAL_RD S of HIGHBURY_RD,2006-10-06 01:15:00,18
3685,WARRIGAL_RD S of HIGHBURY_RD,2006-10-06 01:15:00,32
3685,WARRIGAL_RD S of HIGHBURY_RD,2006-10-06 01:15:00,20
3685,WARRIGAL_RD S of HIGHBURY_RD,2006-10-06 01:15:00,17
3685,WARRIGAL_RD S of HIGHBURY_RD,2006-10-06 01:15:00,16
3685,WARRIGAL_RD S of HIGHBURY_RD,2006-10-06 01:15:00,16
3685,WARRIGAL_RD S of HIGHBURY_RD,2006-10-06 01:15:00,19
3685,WARRIGAL_RD S of HIGHBURY_RD,2006-10-06 01:15:00,4
3685,WARRIGAL_RD S of HIGHBURY_RD,2006-10-06 01:15:00,21
3685,WARRIGAL_RD S of HIGHBURY_RD,2006-10-06 01:15:00,7
3685,WARRIGAL_RD S of HIGHBURY_RD,2006-10-06 01:15:00,15
3685,WARRIGAL_RD S of HIGHBURY_RD,2006-10-06 01:15:00,25
3685,WARRIGAL_RD S of HIGHBURY_RD,2006-10-06 01:15:00,14
3685,WARRIGAL_RD S of HIGHBURY_RD,2006-10-06 01:15:00,24
3685,WARRIGAL_RD S of HIGHBURY_RD,2006-10-06 01:15:00,29
3685,WARRIGAL_RD S of HIGHBURY_RD,2006-10-06 01:15:00,26
3685,WARRIGAL_RD S of HIGHBURY_RD,2006-10-06 01:15:00,29
3685,WARRIGAL_RD S of HIGHBURY_RD,2006-10-06 01:15:00,40
3685,WARRIGAL_RD S of HIGHBURY_RD,2006-10-06 01:15:00,85
3685,WARRIGAL_RD S of HIGHBURY_RD,2006-10-06 01:15:00,114
3685,WARRIGAL_RD S of HIGHBURY_RD,2006-10-06 01:15:00,160
3685,WARRIGAL_RD S of HIGHBURY_RD,2006-10-06 01:15:00,218
3685,WARRIGAL_RD S of HIGHBURY_RD,2006-10-06 01:15:00,271
3685,WARRIGAL_RD S of HIGHBURY_RD,2006-10-06 01:15:00,307
3685,WARRIGAL_RD S of HIGHBURY_RD,2006-10-06 01:15:00,325
3685,WARRIGAL_RD S of HIGHBURY_RD,2006-10-06 01:15:00,399
3685,WARRIGAL_RD S of HIGHBURY_RD,2006-10-06 01:15:00,430
3685,WARRIGAL_RD S of HIGHBURY_RD,2006-10-06 01:15:00,479
3685,WARRIGAL_RD S of HIGHBURY_RD,2006-10-06 01:15:00,485
3685,WARRIGAL_RD S of HIGHBURY_RD,2006-10-06 01:15:00,519
3685,WARRIGAL_RD S of HIGHBURY_RD,2006-10-06 01:15:00,455
3685,WARRIGAL_RD S of HIGHBURY_RD,2006-10-06 01:15:00,367
3685,WARRIGAL_RD S of HIGHBURY_RD,2006-10-06 01:15:00,342
3685,WARRIGAL_RD S of HIGHBURY_RD,2006-10-06 01:15:00,445
3685,WARRIGAL_RD S of HIGHBURY_RD,2006-10-06 01:15:00,387
3685,WARRIGAL_RD S of HIGHBURY_RD,2006-10-06 01:15:00,375
3685,WARRIGAL_RD S of HIGHBURY_RD,2006-10-06 01:15:00,331
3685,WARRIGAL_RD S of HIGHBURY_RD,2006-10-06 01:15:00,327
3685,WARRIGAL_RD S of HIGHBURY_RD,2006-10-06 01:15:00,380
3685,WARRIGAL_RD S of HIGHBURY_RD,2006-10-06 01:15:00,360
3685,WARRIGAL_RD S of HIGHBURY_RD,2006-10-06 01:15:00,355
3685,WARRIGAL_RD S of HIGHBURY_RD,2006-10-06 01:15:00,345
3685,WARRIGAL_RD S of HIGHBURY_RD,2006-10-06 01:15:00,413
3685,WARRIGAL_RD S of HIGHBURY_RD,2006-10-06 01:15:00,328
3685,WARRIGAL_RD S of HIGHBURY_RD,2006-10-06 01:15:00,359
3685,WARRIGAL_RD S of HIGHBURY_RD,2006-10-06 01:15:00,415
3685,WARRIGAL_RD S of HIGHBURY_RD,2006-10-06 01:15:00,382
3685,WARRIGAL_RD S of HIGHBURY_RD,2006-10-06 01:15:00,406
3685,WARRIGAL_RD S of HIGHBURY_RD,2006-10-06 01:15:00,379
3685,WARRIGAL_RD S of HIGHBURY_RD,2006-10-06 01:15:00,437
3685,WARRIGAL_RD S of HIGHBURY_RD,2006-10-06 01:15:00,357
3685,WARRIGAL_RD S of HIGHBURY_RD,2006-10-06 01:15:00,428
3685,WARRIGAL_RD S of HIGHBURY_RD,2006-10-06 01:15:00,421
3685,WARRIGAL_RD S of HIGHBURY_RD,2006-10-06 01:15:00,451
3685,WARRIGAL_RD S of HIGHBURY_RD,2006-10-06 01:15:00,438
3685,WARRIGAL_RD S of HIGHBURY_RD,2006-10-06 01:15:00,478
3685,WARRIGAL_RD S of HIGHBURY_RD,2006-10-06 01:15:00,515
3685,WARRIGAL_RD S of HIGHBURY_RD,2006-10-06 01:15:00,518
3685,WARRIGAL_RD S of HIGHBURY_RD,2006-10-06 01:15:00,463
3685,WARRIGAL_RD S of HIGHBURY_RD,2006-10-06 01:15:00,491
3685,WARRIGAL_RD S of HIGHBURY_RD,2006-10-06 01:15:00,590
3685,WARRIGAL_RD S of HIGHBURY_RD,2006-10-06 01:15:00,576
3685,WARRIGAL_RD S of HIGHBURY_RD,2006-10-06 01:15:00,545
3685,WARRIGAL_RD S of HIGHBURY_RD,2006-10-06 01:15:00,559
3685,WARRIGAL_RD S of HIGHBURY_RD,2006-10-06 01:15:00,528
3685,WARRIGAL_RD S of HIGHBURY_RD,2006-10-06 01:15:00,576
3685,WARRIGAL_RD S of HIGHBURY_RD,2006-10-06 01:15:00,544
3685,WARRIGAL_RD S of HIGHBURY_RD,2006-10-06 01:15:00,571
3685,WARRIGAL_RD S of HIGHBURY_RD,2006-10-06 01:15:00,527
3685,WARRIGAL_RD S of HIGHBURY_RD,2006-10-06 01:15:00,572
3685,WARRIGAL_RD S of HIGHBURY_RD,2006-10-06 01:15:00,457
3685,WARRIGAL_RD S of HIGHBURY_RD,2006-10-06 01:15:00,393
3685,WARRIGAL_RD S of HIGHBURY_RD,2006-10-06 01:15:00,366
3685,WARRIGAL_RD S of HIGHBURY_RD,2006-10-06 01:15:00,387
3685,WARRIGAL_RD S of HIGHBURY_RD,2006-10-06 01:15:00,327
3685,WARRIGAL_RD S of HIGHBURY_RD,2006-10-06 01:15:00,255
3685,WARRIGAL_RD S of HIGHBURY_RD,2006-10-06 01:15:00,259
3685,WARRIGAL_RD S of HIGHBURY_RD,2006-10-06 01:15:00,234
3685,WARRIGAL_RD S of HIGHBURY_RD,2006-10-06 01:15:00,275
3685,WARRIGAL_RD S of HIGHBURY_RD,2006-10-06 01:15:00,291
3685,WARRIGAL_RD S of HIGHBURY_RD,2006-10-06 01:15:00,376
3685,WARRIGAL_RD S of HIGHBURY_RD,2006-10-06 01:15:00,275
3685,WARRIGAL_RD S of HIGHBURY_RD,2006-10-06 01:15:00,223
3685,WARRIGAL_RD S of HIGHBURY_RD,2006-10-06 01:15:00,191
3685,WARRIGAL_RD S of HIGHBURY_RD,2006-10-06 01:15:00,195
3685,WARRIGAL_RD S of HIGHBURY_RD,2006-10-06 01:15:00,154
3685,WARRIGAL_RD S of HIGHBURY_RD,2006-10-06 01:15:00,188
3685,WARRIGAL_RD S of HIGHBURY_RD,2006-10-06 01:15:00,188
3685,WARRIGAL_RD S of HIGHBURY_RD,2006-10-06 01:15:00,157
3685,WARRIGAL_RD S of HIGHBURY_RD,2006-10-06 01:15:00,155
3685,WARRIGAL_RD S of HIGHBURY_RD,2006-10-06 01:15:00,156
3685,WARRIGAL_RD S of HIGHBURY_RD,2006-10-07 01:30:00,133
3685,WARRIGAL_RD S of HIGHBURY_RD,2006-10-07 01:30:00,124
3685,WARRIGAL_RD S of HIGHBURY_RD,2006-10-07 01:30:00,83
3685,WARRIGAL_RD S of HIGHBURY_RD,2006-10-07 01:30:00,71
3685,WARRIGAL_RD S of HIGHBURY_RD,2006-10-07 01:30:00,62
3685,WARRIGAL_RD S of HIGHBURY_RD,2006-10-07 01:30:00,70
3685,WARRIGAL_RD S of HIGHBURY_RD,2006-10-07 01:30:00,57
3685,WARRIGAL_RD S of HIGHBURY_RD,2006-10-07 01:30:00,70
3685,WARRIGAL_RD S of HIGHBURY_RD,2006-10-07 01:30:00,50
3685,WARRIGAL_RD S of HIGHBURY_RD,2006-10-07 01:30:00,47
3685,WARRIGAL_RD S of HIGHBURY_RD,2006-10-07 01:30:00,33
3685,WARRIGAL_RD S of HIGHBURY_RD,2006-10-07 01:30:00,32
3685,WARRIGAL_RD S of HIGHBURY_RD,2006-10-07 01:30:00,36
3685,WARRIGAL_RD S of HIGHBURY_RD,2006-10-07 01:30:00,37
3685,WARRIGAL_RD S of HIGHBURY_RD,2006-10-07 01:30:00,45
3685,WARRIGAL_RD S of HIGHBURY_RD,2006-10-07 01:30:00,17
3685,WARRIGAL_RD S of HIGHBURY_RD,2006-10-07 01:30:00,14
3685,WARRIGAL_RD S of HIGHBURY_RD,2006-10-07 01:30:00,21
3685,WARRIGAL_RD S of HIGHBURY_RD,2006-10-07 01:30:00,18
3685,WARRIGAL_RD S of HIGHBURY_RD,2006-10-07 01:30:00,21
3685,WARRIGAL_RD S of HIGHBURY_RD,2006-10-07 01:30:00,26
3685,WARRIGAL_RD S of HIGHBURY_RD,2006-10-07 01:30:00,28
3685,WARRIGAL_RD S of HIGHBURY_RD,2006-10-07 01:30:00,39
3685,WARRIGAL_RD S of HIGHBURY_RD,2006-10-07 01:30:00,43
3685,WARRIGAL_RD S of HIGHBURY_RD,2006-10-07 01:30:00,49
3685,WARRIGAL_RD S of HIGHBURY_RD,2006-10-07 01:30:00,76
3685,WARRIGAL_RD S of HIGHBURY_RD,2006-10-07 01:30:00,114
3685,WARRIGAL_RD S of HIGHBURY_RD,2006-10-07 01:30:00,121
3685,WARRIGAL_RD S of HIGHBURY_RD,2006-10-07 01:30:00,89
3685,WARRIGAL_RD S of HIGHBURY_RD,2006-10-07 01:30:00,106
3685,WARRIGAL_RD S of HIGHBURY_RD,2006-10-07 01:30:00,149
3685,WARRIGAL_RD S of HIGHBURY_RD,2006-10-07 01:30:00,178
3685,WARRIGAL_RD S of HIGHBURY_RD,2006-10-07 01:30:00,206
3685,WARRIGAL_RD S of HIGHBURY_RD,2006-10-07 01:30:00,248
3685,WARRIGAL_RD S of HIGHBURY_RD,2006-10-07 01:30:00,207
3685,WARRIGAL_RD S of HIGHBURY_RD,2006-10-07 01:30:00,273
3685,WARRIGAL_RD S of HIGHBURY_RD,2006-10-07 01:30:00,264
3685,WARRIGAL_RD S of HIGHBURY_RD,2006-10-07 01:30:00,289
3685,WARRIGAL_RD S of HIGHBURY_RD,2006-10-07 01:30:00,295
3685,WARRIGAL_RD S of HIGHBURY_RD,2006-10-07 01:30:00,294
3685,WARRIGAL_RD S of HIGHBURY_RD,2006-10-07 01:30:00,394
3685,WARRIGAL_RD S of HIGHBURY_RD,2006-10-07 01:30:00,349
3685,WARRIGAL_RD S of HIGHBURY_RD,2006-10-07 01:30:00,335
3685,WARRIGAL_RD S of HIGHBURY_RD,2006-10-07 01:30:00,380
3685,WARRIGAL_RD S of HIGHBURY_RD,2006-10-07 01:30:00,421
3685,WARRIGAL_RD S of HIGHBURY_RD,2006-10-07 01:30:00,390
3685,WARRIGAL_RD S of HIGHBURY_RD,2006-10-07 01:30:00,407
3685,WARRIGAL_RD S of HIGHBURY_RD,2006-10-07 01:30:00,413
3685,WARRIGAL_RD S of HIGHBURY_RD,2006-10-07 01:30:00,452
3685,WARRIGAL_RD S of HIGHBURY_RD,2006-10-07 01:30:00,444
3685,WARRIGAL_RD S of HIGHBURY_RD,2006-10-07 01:30:00,436
3685,WARRIGAL_RD S of HIGHBURY_RD,2006-10-07 01:30:00,468
3685,WARRIGAL_RD S of HIGHBURY_RD,2006-10-07 01:30:00,411
3685,WARRIGAL_RD S of HIGHBURY_RD,2006-10-07 01:30:00,434
3685,WARRIGAL_RD S of HIGHBURY_RD,2006-10-07 01:30:00,453
3685,WARRIGAL_RD S of HIGHBURY_RD,2006-10-07 01:30:00,449
3685,WARRIGAL_RD S of HIGHBURY_RD,2006-10-07 01:30:00,488
3685,WARRIGAL_RD S of HIGHBURY_RD,2006-10-07 01:30:00,472
3685,WARRIGAL_RD S of HIGHBURY_RD,2006-10-07 01:30:00,421
3685,WARRIGAL_RD S of HIGHBURY_RD,2006-10-07 01:30:00,397
3685,WARRIGAL_RD S of HIGHBURY_RD,2006-10-07 01:30:00,469
3685,WARRIGAL_RD S of HIGHBURY_RD,2006-10-07 01:30:00,422
3685,WARRIGAL_RD S of HIGHBURY_RD,2006-10-07 01:30:00,454
3685,WARRIGAL_RD S of HIGHBURY_RD,2006-10-07 01:30:00,429
3685,WARRIGAL_RD S of HIGHBURY_RD,2006-10-07 01:30:00,434
3685,WARRIGAL_RD S of HIGHBURY_RD,2006-10-07 01:30:00,433
3685,WARRIGAL_RD S of HIGHBURY_RD,2006-10-07 01:30:00,496
3685,WARRIGAL_RD S of HIGHBURY_RD,2006-10-07 01:30:00,471
3685,WARRIGAL_RD S of HIGHBURY_RD,2006-10-07 01:30:00,452
3685,WARRIGAL_RD S of HIGHBURY_RD,2006-10-07 01:30:00,497
3685,WARRIGAL_RD S of HIGHBURY_RD,2006-10-07 01:30:00,499
3685,WARRIGAL_RD S of HIGHBURY_RD,2006-10-07 01:30:00,505
3685,WARRIGAL_RD S of HIGHBURY_RD,2006-10-07 01:30:00,468
3685,WARRIGAL_RD S of HIGHBURY_RD,2006-10-07 01:30:00,449
3685,WARRIGAL_RD S of HIGHBURY_RD,2006-10-07 01:30:00,402
3685,WARRIGAL_RD S of HIGHBURY_RD,2006-10-07 01:30:00,379
3685,WARRIGAL_RD S of HIGHBURY_RD,2006-10-07 01:30:00,304
3685,WARRIGAL_RD S of HIGHBURY_RD,2006-10-07 01:30:00,323
3685,WARRIGAL_RD S of HIGHBURY_RD,2006-10-07 01:30:00,284
3685,WARRIGAL_RD S of HIGHBURY_RD,2006-10-07 01:30:00,235
3685,WARRIGAL_RD S of HIGHBURY_RD,2006-10-07 01:30:00,214
3685,WARRIGAL_RD S of HIGHBURY_RD,2006-10-07 01:30:00,199
3685,WARRIGAL_RD S of HIGHBURY_RD,2006-10-07 01:30:00,187
3685,WARRIGAL_RD S of HIGHBURY_RD,2006-10-07 01:30:00,199
3685,WARRIGAL_RD S of HIGHBURY_RD,2006-10-07 01:30:00,191
3685,WARRIGAL_RD S of HIGHBURY_RD,2006-10-07 01:30:00,184
3685,WARRIGAL_RD S of HIGHBURY_RD,2006-10-07 01:30:00,203
3685,WARRIGAL_RD S of HIGHBURY_RD,2006-10-07 01:30:00,163
3685,WARRIGAL_RD S of HIGHBURY_RD,2006-10-07 01:30:00,190
3685,WARRIGAL_RD S of HIGHBURY_RD,2006-10-07 01:30:00,162
3685,WARRIGAL_RD S of HIGHBURY_RD,2006-10-07 01:30:00,201
3685,WARRIGAL_RD S of HIGHBURY_RD,2006-10-07 01:30:00,177
3685,WARRIGAL_RD S of HIGHBURY_RD,2006-10-07 01:30:00,201
3685,WARRIGAL_RD S of HIGHBURY_RD,2006-10-07 01:30:00,196
3685,WARRIGAL_RD S of HIGHBURY_RD,2006-10-07 01:30:00,213
3685,WARRIGAL_RD S of HIGHBURY_RD,2006-10-07 01:30:00,211
3685,WARRIGAL_RD S of HIGHBURY_RD,2006-10-08 01:45:00,168
3685,WARRIGAL_RD S of HIGHBURY_RD,2006-10-08 01:45:00,188
3685,WARRIGAL_RD S of HIGHBURY_RD,2006-10-08 01:45:00,150
3685,WARRIGAL_RD S of HIGHBURY_RD,2006-10-08 01:45:00,104
3685,WARRIGAL_RD S of HIGHBURY_RD,2006-10-08 01:45:00,109
3685,WARRIGAL_RD S of HIGHBURY_RD,2006-10-08 01:45:00,100
3685,WARRIGAL_RD S of HIGHBURY_RD,2006-10-08 01:45:00,100
3685,WARRIGAL_RD S of HIGHBURY_RD,2006-10-08 01:45:00,86
3685,WARRIGAL_RD S of HIGHBURY_RD,2006-10-08 01:45:00,62
3685,WARRIGAL_RD S of HIGHBURY_RD,2006-10-08 01:45:00,59
3685,WARRIGAL_RD S of HIGHBURY_RD,2006-10-08 01:45:00,59
3685,WARRIGAL_RD S of HIGHBURY_RD,2006-10-08 01:45:00,56
3685,WARRIGAL_RD S of HIGHBURY_RD,2006-10-08 01:45:00,50
3685,WARRIGAL_RD S of HIGHBURY_RD,2006-10-08 01:45:00,48
3685,WARRIGAL_RD S of HIGHBURY_RD,2006-10-08 01:45:00,32
3685,WARRIGAL_RD S of HIGHBURY_RD,2006-10-08 01:45:00,43
3685,WARRIGAL_RD S of HIGHBURY_RD,2006-10-08 01:45:00,35
3685,WARRIGAL_RD S of HIGHBURY_RD,2006-10-08 01:45:00,35
3685,WARRIGAL_RD S of HIGHBURY_RD,2006-10-08 01:45:00,29
3685,WARRIGAL_RD S of HIGHBURY_RD,2006-10-08 01:45:00,36
3685,WARRIGAL_RD S of HIGHBURY_RD,2006-10-08 01:45:00,16
3685,WARRIGAL_RD S of HIGHBURY_RD,2006-10-08 01:45:00,26
3685,WARRIGAL_RD S of HIGHBURY_RD,2006-10-08 01:45:00,33
3685,WARRIGAL_RD S of HIGHBURY_RD,2006-10-08 01:45:00,46
3685,WARRIGAL_RD S of HIGHBURY_RD,2006-10-08 01:45:00,33
3685,WARRIGAL_RD S of HIGHBURY_RD,2006-10-08 01:45:00,50
3685,WARRIGAL_RD S of HIGHBURY_RD,2006-10-08 01:45:00,82
3685,WARRIGAL_RD S of HIGHBURY_RD,2006-10-08 01:45:00,70
3685,WARRIGAL_RD S of HIGHBURY_RD,2006-10-08 01:45:00,54
3685,WARRIGAL_RD S of HIGHBURY_RD,2006-10-08 01:45:00,77
3685,WARRIGAL_RD S of HIGHBURY_RD,2006-10-08 01:45:00,110
3685,WARRIGAL_RD S of HIGHBURY_RD,2006-10-08 01:45:00,97
3685,WARRIGAL_RD S of HIGHBURY_RD,2006-10-08 01:45:00,104
3685,WARRIGAL_RD S of HIGHBURY_RD,2006-10-08 01:45:00,144
3685,WARRIGAL_RD S of HIGHBURY_RD,2006-10-08 01:45:00,115
3685,WARRIGAL_RD S of HIGHBURY_RD,2006-10-08 01:45:00,167
3685,WARRIGAL_RD S of HIGHBURY_RD,2006-10-08 01:45:00,173
3685,WARRIGAL_RD S of HIGHBURY_RD,2006-10-08 01:45:00,194
3685,WARRIGAL_RD S of HIGHBURY_RD,2006-10-08 01:45:00,246
3685,WARRIGAL_RD S of HIGHBURY_RD,2006-10-08 01:45:00,247
3685,WARRIGAL_RD S of HIGHBURY_RD,2006-10-08 01:45:00,248
3685,WARRIGAL_RD S of HIGHBURY_RD,2006-10-08 01:45:00,313
3685,WARRIGAL_RD S of HIGHBURY_RD,2006-10-08 01:45:00,273
3685,WARRIGAL_RD S of HIGHBURY_RD,2006-10-08 01:45:00,313
3685,WARRIGAL_RD S of HIGHBURY_RD,2006-10-08 01:45:00,276
3685,WARRIGAL_RD S of HIGHBURY_RD,2006-10-08 01:45:00,296
3685,WARRIGAL_RD S of HIGHBURY_RD,2006-10-08 01:45:00,347
3685,WARRIGAL_RD S of HIGHBURY_RD,2006-10-08 01:45:00,350
3685,WARRIGAL_RD S of HIGHBURY_RD,2006-10-08 01:45:00,434
3685,WARRIGAL_RD S of HIGHBURY_RD,2006-10-08 01:45:00,426
3685,WARRIGAL_RD S of HIGHBURY_RD,2006-10-08 01:45:00,415
3685,WARRIGAL_RD S of HIGHBURY_RD,2006-10-08 01:45:00,386
3685,WARRIGAL_RD S of HIGHBURY_RD,2006-10-08 01:45:00,406
3685,WARRIGAL_RD S of HIGHBURY_RD,2006-10-08 01:45:00,439
3685,WARRIGAL_RD S of HIGHBURY_RD,2006-10-08 01:45:00,470
3685,WARRIGAL_RD S of HIGHBURY_RD,2006-10-08 01:45:00,374
3685,WARRIGAL_RD S of HIGHBURY_RD,2006-10-08 01:45:00,475
3685,WARRIGAL_RD S of HIGHBURY_RD,2006-10-08 01:45:00,412
3685,WARRIGAL_RD S of HIGHBURY_RD,2006-10-08 01:45:00,439
3685,WARRIGAL_RD S of HIGHBURY_RD,2006-10-08 01:45:00,411
3685,WARRIGAL_RD S of HIGHBURY_RD,2006-10-08 01:45:00,385
3685,WARRIGAL_RD S of HIGHBURY_RD,2006-10-08 01:45:00,419
3685,WARRIGAL_RD S of HIGHBURY_RD,2006-10-08 01:45:00,393
3685,WARRIGAL_RD S of HIGHBURY_RD,2006-10-08 01:45:00,451
3685,WARRIGAL_RD S of HIGHBURY_RD,2006-10-08 01:45:00,417
3685,WARRIGAL_RD S of HIGHBURY_RD,2006-10-08 01:45:00,455
3685,WARRIGAL_RD S of HIGHBURY_RD,2006-10-08 01:45:00,448
3685,WARRIGAL_RD S of HIGHBURY_RD,2006-10-08 01:45:00,456
3685,WARRIGAL_RD S of HIGHBURY_RD,2006-10-08 01:45:00,509
3685,WARRIGAL_RD S of HIGHBURY_RD,2006-10-08 01:45:00,451
3685,WARRIGAL_RD S of HIGHBURY_RD,2006-10-08 01:45:00,487
3685,WARRIGAL_RD S of HIGHBURY_RD,2006-10-08 01:45:00,406
3685,WARRIGAL_RD S of HIGHBURY_RD,2006-10-08 01:45:00,389
3685,WARRIGAL_RD S of HIGHBURY_RD,2006-10-08 01:45:00,388
3685,WARRIGAL_RD S of HIGHBURY_RD,2006-10-08 01:45:00,321
3685,WARRIGAL_RD S of HIGHBURY_RD,2006-10-08 01:45:00,281
3685,WARRIGAL_RD S of HIGHBURY_RD,2006-10-08 01:45:00,233
3685,WARRIGAL_RD S of HIGHBURY_RD,2006-10-08 01:45:00,255
3685,WARRIGAL_RD S of HIGHBURY_RD,2006-10-08 01:45:00,210
3685,WARRIGAL_RD S of HIGHBURY_RD,2006-10-08 01:45:00,203
3685,WARRIGAL_RD S of HIGHBURY_RD,2006-10-08 01:45:00,177
3685,WARRIGAL_RD S of HIGHBURY_RD,2006-10-08 01:45:00,175
3685,WARRIGAL_RD S of HIGHBURY_RD,2006-10-08 01:45:00,173
3685,WARRIGAL_RD S of HIGHBURY_RD,2006-10-08 01:45:00,211
3685,WARRIGAL_RD S of HIGHBURY_RD,2006-10-08 01:45:00,182
3685,WARRIGAL_RD S of HIGHBURY_RD,2006-10-08 01:45:00,173
3685,WARRIGAL_RD S of HIGHBURY_RD,2006-10-08 01:45:00,135
3685,WARRIGAL_RD S of HIGHBURY_RD,2006-10-08 01:45:00,119
3685,WARRIGAL_RD S of HIGHBURY_RD,2006-10-08 01:45:00,121
3685,WARRIGAL_RD S of HIGHBURY_RD,2006-10-08 01:45:00,119
3685,WARRIGAL_RD S of HIGHBURY_RD,2006-10-08 01:45:00,116
3685,WARRIGAL_RD S of HIGHBURY_RD,2006-10-08 01:45:00,103
3685,WARRIGAL_RD S of HIGHBURY_RD,2006-10-08 01:45:00,97
3685,WARRIGAL_RD S of HIGHBURY_RD,2006-10-08 01:45:00,65
3685,WARRIGAL_RD S of HIGHBURY_RD,2006-10-08 01:45:00,60
3685,WARRIGAL_RD S of HIGHBURY_RD,2006-10-08 01:45:00,38
3685,WARRIGAL_RD S of HIGHBURY_RD,2006-10-09 02:00:00,54
3685,WARRIGAL_RD S of HIGHBURY_RD,2006-10-09 02:00:00,36
3685,WARRIGAL_RD S of HIGHBURY_RD,2006-10-09 02:00:00,38
3685,WARRIGAL_RD S of HIGHBURY_RD,2006-10-09 02:00:00,27
3685,WARRIGAL_RD S of HIGHBURY_RD,2006-10-09 02:00:00,16
3685,WARRIGAL_RD S of HIGHBURY_RD,2006-10-09 02:00:00,18
3685,WARRIGAL_RD S of HIGHBURY_RD,2006-10-09 02:00:00,18
3685,WARRIGAL_RD S of HIGHBURY_RD,2006-10-09 02:00:00,13
3685,WARRIGAL_RD S of HIGHBURY_RD,2006-10-09 02:00:00,13
3685,WARRIGAL_RD S of HIGHBURY_RD,2006-10-09 02:00:00,14
3685,WARRIGAL_RD S of HIGHBURY_RD,2006-10-09 02:00:00,13
3685,WARRIGAL_RD S of HIGHBURY_RD,2006-10-09 02:00:00,18
3685,WARRIGAL_RD S of HIGHBURY_RD,2006-10-09 02:00:00,12
3685,WARRIGAL_RD S of HIGHBURY_RD,2006-10-09 02:00:00,9
3685,WARRIGAL_RD S of HIGHBURY_RD,2006-10-09 02:00:00,14
3685,WARRIGAL_RD S of HIGHBURY_RD,2006-10-09 02:00:00,15
3685,WARRIGAL_RD S of HIGHBURY_RD,2006-10-09 02:00:00,14
3685,WARRIGAL_RD S of HIGHBURY_RD,2006-10-09 02:00:00,19
3685,WARRIGAL_RD S of HIGHBURY_RD,2006-10-09 02:00:00,23
3685,WARRIGAL_RD S of HIGHBURY_RD,2006-10-09 02:00:00,28
3685,WARRIGAL_RD S of HIGHBURY_RD,2006-10-09 02:00:00,34
3685,WARRIGAL_RD S of HIGHBURY_RD,2006-10-09 02:00:00,30
3685,WARRIGAL_RD S of HIGHBURY_RD,2006-10-09 02:00:00,49
3685,WARRIGAL_RD S of HIGHBURY_RD,2006-10-09 02:00:00,70
3685,WARRIGAL_RD S of HIGHBURY_RD,2006-10-09 02:00:00,108
3685,WARRIGAL_RD S of HIGHBURY_RD,2006-10-09 02:00:00,122
3685,WARRIGAL_RD S of HIGHBURY_RD,2006-10-09 02:00:00,238
3685,WARRIGAL_RD S of HIGHBURY_RD,2006-10-09 02:00:00,224
3685,WARRIGAL_RD S of HIGHBURY_RD,2006-10-09 02:00:00,265
3685,WARRIGAL_RD S of HIGHBURY_RD,2006-10-09 02:00:00,323
3685,WARRIGAL_RD S of HIGHBURY_RD,2006-10-09 02:00:00,417
3685,WARRIGAL_RD S of HIGHBURY_RD,2006-10-09 02:00:00,461
3685,WARRIGAL_RD S of HIGHBURY_RD,2006-10-09 02:00:00,486
3685,WARRIGAL_RD S of HIGHBURY_RD,2006-10-09 02:00:00,504
3685,WARRIGAL_RD S of HIGHBURY_RD,2006-10-09 02:00:00,449
3685,WARRIGAL_RD S of HIGHBURY_RD,2006-10-09 02:00:00,445
3685,WARRIGAL_RD S of HIGHBURY_RD,2006-10-09 02:00:00,384
3685,WARRIGAL_RD S of HIGHBURY_RD,2006-10-09 02:00:00,378
3685,WARRIGAL_RD S of HIGHBURY_RD,2006-10-09 02:00:00,371
3685,WARRIGAL_RD S of HIGHBURY_RD,2006-10-09 02:00:00,369
3685,WARRIGAL_RD S of HIGHBURY_RD,2006-10-09 02:00:00,277
3685,WARRIGAL_RD S of HIGHBURY_RD,2006-10-09 02:00:00,306
3685,WARRIGAL_RD S of HIGHBURY_RD,2006-10-09 02:00:00,319
3685,WARRIGAL_RD S of HIGHBURY_RD,2006-10-09 02:00:00,364
3685,WARRIGAL_RD S of HIGHBURY_RD,2006-10-09 02:00:00,307
3685,WARRIGAL_RD S of HIGHBURY_RD,2006-10-09 02:00:00,346
3685,WARRIGAL_RD S of HIGHBURY_RD,2006-10-09 02:00:00,340
3685,WARRIGAL_RD S of HIGHBURY_RD,2006-10-09 02:00:00,386
3685,WARRIGAL_RD S of HIGHBURY_RD,2006-10-09 02:00:00,345
3685,WARRIGAL_RD S of HIGHBURY_RD,2006-10-09 02:00:00,393
3685,WARRIGAL_RD S of HIGHBURY_RD,2006-10-09 02:00:00,360
3685,WARRIGAL_RD S of HIGHBURY_RD,2006-10-09 02:00:00,338
3685,WARRIGAL_RD S of HIGHBURY_RD,2006-10-09 02:00:00,358
3685,WARRIGAL_RD S of HIGHBURY_RD,2006-10-09 02:00:00,369
3685,WARRIGAL_RD S of HIGHBURY_RD,2006-10-09 02:00:00,391
3685,WARRIGAL_RD S of HIGHBURY_RD,2006-10-09 02:00:00,374
3685,WARRIGAL_RD S of HIGHBURY_RD,2006-10-09 02:00:00,329
3685,WARRIGAL_RD S of HIGHBURY_RD,2006-10-09 02:00:00,400
3685,WARRIGAL_RD S of HIGHBURY_RD,2006-10-09 02:00:00,391
3685,WARRIGAL_RD S of HIGHBURY_RD,2006-10-09 02:00:00,412
3685,WARRIGAL_RD S of HIGHBURY_RD,2006-10-09 02:00:00,456
3685,WARRIGAL_RD S of HIGHBURY_RD,2006-10-09 02:00:00,457
3685,WARRIGAL_RD S of HIGHBURY_RD,2006-10-09 02:00:00,459
3685,WARRIGAL_RD S of HIGHBURY_RD,2006-10-09 02:00:00,533
3685,WARRIGAL_RD S of HIGHBURY_RD,2006-10-09 02:00:00,449
3685,WARRIGAL_RD S of HIGHBURY_RD,2006-10-09 02:00:00,586
3685,WARRIGAL_RD S of HIGHBURY_RD,2006-10-09 02:00:00,529
3685,WARRIGAL_RD S of HIGHBURY_RD,2006-10-09 02:00:00,533
3685,WARRIGAL_RD S of HIGHBURY_RD,2006-10-09 02:00:00,577
3685,WARRIGAL_RD S of HIGHBURY_RD,2006-10-09 02:00:00,602
3685,WARRIGAL_RD S of HIGHBURY_RD,2006-10-09 02:00:00,568
3685,WARRIGAL_RD S of HIGHBURY_RD,2006-10-09 02:00:00,593
3685,WARRIGAL_RD S of HIGHBURY_RD,2006-10-09 02:00:00,551
3685,WARRIGAL_RD S of HIGHBURY_RD,2006-10-09 02:00:00,556
3685,WARRIGAL_RD S of HIGHBURY_RD,2006-10-09 02:00:00,398
3685,WARRIGAL_RD S of HIGHBURY_RD,2006-10-09 02:00:00,362
3685,WARRIGAL_RD S of HIGHBURY_RD,2006-10-09 02:00:00,345
3685,WARRIGAL_RD S of HIGHBURY_RD,2006-10-09 02:00:00,326
3685,WARRIGAL_RD S of HIGHBURY_RD,2006-10-09 02:00:00,282
3685,WARRIGAL_RD S of HIGHBURY_RD,2006-10-09 02:00:00,270
3685,WARRIGAL_RD S of HIGHBURY_RD,2006-10-09 02:00:00,230
3685,WARRIGAL_RD S of HIGHBURY_RD,2006-10-09 02:00:00,205
3685,WARRIGAL_RD S of HIGHBURY_RD,2006-10-09 02:00:00,220
3685,WARRIGAL_RD S of HIGHBURY_RD,2006-10-09 02:00:00,192
3685,WARRIGAL_RD S of HIGHBURY_RD,2006-10-09 02:00:00,212
3685,WARRIGAL_RD S of HIGHBURY_RD,2006-10-09 02:00:00,214
3685,WARRIGAL_RD S of HIGHBURY_RD,2006-10-09 02:00:00,168
3685,WARRIGAL_RD S of HIGHBURY_RD,2006-10-09 02:00:00,140
3685,WARRIGAL_RD S of HIGHBURY_RD,2006-10-09 02:00:00,153
3685,WARRIGAL_RD S of HIGHBURY_RD,2006-10-09 02:00:00,139
3685,WARRIGAL_RD S of HIGHBURY_RD,2006-10-09 02:00:00,125
3685,WARRIGAL_RD S of HIGHBURY_RD,2006-10-09 02:00:00,103
3685,WARRIGAL_RD S of HIGHBURY_RD,2006-10-09 02:00:00,76
3685,WARRIGAL_RD S of HIGHBURY_RD,2006-10-09 02:00:00,90
3685,WARRIGAL_RD S of HIGHBURY_RD,2006-10-09 02:00:00,65
3685,WARRIGAL_RD S of HIGHBURY_RD,2006-10-09 02:00:00,57
3685,WARRIGAL_RD S of HIGHBURY_RD,2006-10-10 02:15:00,48
3685,WARRIGAL_RD S of HIGHBURY_RD,2006-10-10 02:15:00,44
3685,WARRIGAL_RD S of HIGHBURY_RD,2006-10-10 02:15:00,25
3685,WARRIGAL_RD S of HIGHBURY_RD,2006-10-10 02:15:00,24
3685,WARRIGAL_RD S of HIGHBURY_RD,2006-10-10 02:15:00,19
3685,WARRIGAL_RD S of HIGHBURY_RD,2006-10-10 02:15:00,24
3685,WARRIGAL_RD S of HIGHBURY_RD,2006-10-10 02:15:00,35
3685,WARRIGAL_RD S of HIGHBURY_RD,2006-10-10 02:15:00,18
3685,WARRIGAL_RD S of HIGHBURY_RD,2006-10-10 02:15:00,18
3685,WARRIGAL_RD S of HIGHBURY_RD,2006-10-10 02:15:00,11
3685,WARRIGAL_RD S of HIGHBURY_RD,2006-10-10 02:15:00,3
3685,WARRIGAL_RD S of HIGHBURY_RD,2006-10-10 02:15:00,10
3685,WARRIGAL_RD S of HIGHBURY_RD,2006-10-10 02:15:00,18
3685,WARRIGAL_RD S of HIGHBURY_RD,2006-10-10 02:15:00,2
3685,WARRIGAL_RD S of HIGHBURY_RD,2006-10-10 02:15:00,12
3685,WARRIGAL_RD S of HIGHBURY_RD,2006-10-10 02:15:00,25
3685,WARRIGAL_RD S of HIGHBURY_RD,2006-10-10 02:15:00,8
3685,WARRIGAL_RD S of HIGHBURY_RD,2006-10-10 02:15:00,23
3685,WARRIGAL_RD S of HIGHBURY_RD,2006-10-10 02:15:00,21
3685,WARRIGAL_RD S of HIGHBURY_RD,2006-10-10 02:15:00,20
3685,WARRIGAL_RD S of HIGHBURY_RD,2006-10-10 02:15:00,20
3685,WARRIGAL_RD S of HIGHBURY_RD,2006-10-10 02:15:00,48
3685,WARRIGAL_RD S of HIGHBURY_RD,2006-10-10 02:15:00,47
3685,WARRIGAL_RD S of HIGHBURY_RD,2006-10-10 02:15:00,71
3685,WARRIGAL_RD S of HIGHBURY_RD,2006-10-10 02:15:00,101
3685,WARRIGAL_RD S of HIGHBURY_RD,2006-10-10 02:15:00,156
3685,WARRIGAL_RD S of HIGHBURY_RD,2006-10-10 02:15:00,241
3685,WARRIGAL_RD S of HIGHBURY_RD,2006-10-10 02:15:00,271
3685,WARRIGAL_RD S of HIGHBURY_RD,2006-10-10 02:15:00,256
3685,WARRIGAL_RD S of HIGHBURY_RD,2006-10-10 02:15:00,382
3685,WARRIGAL_RD S of HIGHBURY_RD,2006-10-10 02:15:00,371
3685,WARRIGAL_RD S of HIGHBURY_RD,2006-10-10 02:15:00,387
3685,WARRIGAL_RD S of HIGHBURY_RD,2006-10-10 02:15:00,504
3685,WARRIGAL_RD S of HIGHBURY_RD,2006-10-10 02:15:00,515
3685,WARRIGAL_RD S of HIGHBURY_RD,2006-10-10 02:15:00,491
3685,WARRIGAL_RD S of HIGHBURY_RD,2006-10-10 02:15:00,472
3685,WARRIGAL_RD S of HIGHBURY_RD,2006-10-10 02:15:00,441
3685,WARRIGAL_RD S of HIGHBURY_RD,2006-10-10 02:15:00,393
3685,WARRIGAL_RD S of HIGHBURY_RD,2006-10-10 02:15:00,367
3685,WARRIGAL_RD S of HIGHBURY_RD,2006-10-10 02:15:00,369
3685,WARRIGAL_RD S of HIGHBURY_RD,2006-10-10 02:15:00,353
3685,WARRIGAL_RD S of HIGHBURY_RD,2006-10-10 02:15:00,325
3685,WARRIGAL_RD S of HIGHBURY_RD,2006-10-10 02:15:00,383
3685,WARRIGAL_RD S of HIGHBURY_RD,2006-10-10 02:15:00,378
3685,WARRIGAL_RD S of HIGHBURY_RD,2006-10-10 02:15:00,363
3685,WARRIGAL_RD S of HIGHBURY_RD,2006-10-10 02:15:00,350
3685,WARRIGAL_RD S of HIGHBURY_RD,2006-10-10 02:15:00,362
3685,WARRIGAL_RD S of HIGHBURY_RD,2006-10-10 02:15:00,345
3685,WARRIGAL_RD S of HIGHBURY_RD,2006-10-10 02:15:00,334
3685,WARRIGAL_RD S of HIGHBURY_RD,2006-10-10 02:15:00,342
3685,WARRIGAL_RD S of HIGHBURY_RD,2006-10-10 02:15:00,397
3685,WARRIGAL_RD S of HIGHBURY_RD,2006-10-10 02:15:00,368
3685,WARRIGAL_RD S of HIGHBURY_RD,2006-10-10 02:15:00,358
3685,WARRIGAL_RD S of HIGHBURY_RD,2006-10-10 02:15:00,400
3685,WARRIGAL_RD S of HIGHBURY_RD,2006-10-10 02:15:00,378
3685,WARRIGAL_RD S of HIGHBURY_RD,2006-10-10 02:15:00,378
3685,WARRIGAL_RD S of HIGHBURY_RD,2006-10-10 02:15:00,363
3685,WARRIGAL_RD S of HIGHBURY_RD,2006-10-10 02:15:00,418
3685,WARRIGAL_RD S of HIGHBURY_RD,2006-10-10 02:15:00,426
3685,WARRIGAL_RD S of HIGHBURY_RD,2006-10-10 02:15:00,423
3685,WARRIGAL_RD S of HIGHBURY_RD,2006-10-10 02:15:00,477
3685,WARRIGAL_RD S of HIGHBURY_RD,2006-10-10 02:15:00,523
3685,WARRIGAL_RD S of HIGHBURY_RD,2006-10-10 02:15:00,524
3685,WARRIGAL_RD S of HIGHBURY_RD,2006-10-10 02:15:00,514
3685,WARRIGAL_RD S of HIGHBURY_RD,2006-10-10 02:15:00,486
3685,WARRIGAL_RD S of HIGHBURY_RD,2006-10-10 02:15:00,566
3685,WARRIGAL_RD S of HIGHBURY_RD,2006-10-10 02:15:00,550
3685,WARRIGAL_RD S of HIGHBURY_RD,2006-10-10 02:15:00,570
3685,WARRIGAL_RD S of HIGHBURY_RD,2006-10-10 02:15:00,548
3685,WARRIGAL_RD S of HIGHBURY_RD,2006-10-10 02:15:00,557
3685,WARRIGAL_RD S of HIGHBURY_RD,2006-10-10 02:15:00,508
3685,WARRIGAL_RD S of HIGHBURY_RD,2006-10-10 02:15:00,636
3685,WARRIGAL_RD S of HIGHBURY_RD,2006-10-10 02:15:00,565
3685,WARRIGAL_RD S of HIGHBURY_RD,2006-10-10 02:15:00,543
3685,WARRIGAL_RD S of HIGHBURY_RD,2006-10-10 02:15:00,505
3685,WARRIGAL_RD S of HIGHBURY_RD,2006-10-10 02:15:00,397
3685,WARRIGAL_RD S of HIGHBURY_RD,2006-10-10 02:15:00,355
3685,WARRIGAL_RD S of HIGHBURY_RD,2006-10-10 02:15:00,345
3685,WARRIGAL_RD S of HIGHBURY_RD,2006-10-10 02:15:00,305
3685,WARRIGAL_RD S of HIGHBURY_RD,2006-10-10 02:15:00,275
3685,WARRIGAL_RD S of HIGHBURY_RD,2006-10-10 02:15:00,258
3685,WARRIGAL_RD S of HIGHBURY_RD,2006-10-10 02:15:00,217
3685,WARRIGAL_RD S of HIGHBURY_RD,2006-10-10 02:15:00,243
3685,WARRIGAL_RD S of HIGHBURY_RD,2006-10-10 02:15:00,226
3685,WARRIGAL_RD S of HIGHBURY_RD,2006-10-10 02:15:00,252
3685,WARRIGAL_RD S of HIGHBURY_RD,2006-10-10 02:15:00,241
3685,WARRIGAL_RD S of HIGHBURY_RD,2006-10-10 02:15:00,271
3685,WARRIGAL_RD S of HIGHBURY_RD,2006-10-10 02:15:00,223
3685,WARRIGAL_RD S of HIGHBURY_RD,2006-10-10 02:15:00,234
3685,WARRIGAL_RD S of HIGHBURY_RD,2006-10-10 02:15:00,175
3685,WARRIGAL_RD S of HIGHBURY_RD,2006-10-10 02:15:00,189
3685,WARRIGAL_RD S of HIGHBURY_RD,2006-10-10 02:15:00,176
3685,WARRIGAL_RD S of HIGHBURY_RD,2006-10-10 02:15:00,124
3685,WARRIGAL_RD S of HIGHBURY_RD,2006-10-10 02:15:00,90
3685,WARRIGAL_RD S of HIGHBURY_RD,2006-10-10 02:15:00,116
3685,WARRIGAL_RD S of HIGHBURY_RD,2006-10-10 02:15:00,83
3685,WARRIGAL_RD S of HIGHBURY_RD,2006-10-11 02:30:00,47
3685,WARRIGAL_RD S of HIGHBURY_RD,2006-10-11 02:30:00,41
3685,WARRIGAL_RD S of HIGHBURY_RD,2006-10-11 02:30:00,48
3685,WARRIGAL_RD S of HIGHBURY_RD,2006-10-11 02:30:00,33
3685,WARRIGAL_RD S of HIGHBURY_RD,2006-10-11 02:30:00,18
3685,WARRIGAL_RD S of HIGHBURY_RD,2006-10-11 02:30:00,24
3685,WARRIGAL_RD S of HIGHBURY_RD,2006-10-11 02:30:00,24
3685,WARRIGAL_RD S of HIGHBURY_RD,2006-10-11 02:30:00,22
3685,WARRIGAL_RD S of HIGHBURY_RD,2006-10-11 02:30:00,17
3685,WARRIGAL_RD S of HIGHBURY_RD,2006-10-11 02:30:00,13
3685,WARRIGAL_RD S of HIGHBURY_RD,2006-10-11 02:30:00,7
3685,WARRIGAL_RD S of HIGHBURY_RD,2006-10-11 02:30:00,12
3685,WARRIGAL_RD S of HIGHBURY_RD,2006-10-11 02:30:00,13
3685,WARRIGAL_RD S of HIGHBURY_RD,2006-10-11 02:30:00,15
3685,WARRIGAL_RD S of HIGHBURY_RD,2006-10-11 02:30:00,12
3685,WARRIGAL_RD S of HIGHBURY_RD,2006-10-11 02:30:00,14
3685,WARRIGAL_RD S of HIGHBURY_RD,2006-10-11 02:30:00,5
3685,WARRIGAL_RD S of HIGHBURY_RD,2006-10-11 02:30:00,11
3685,WARRIGAL_RD S of HIGHBURY_RD,2006-10-11 02:30:00,17
3685,WARRIGAL_RD S of HIGHBURY_RD,2006-10-11 02:30:00,26
3685,WARRIGAL_RD S of HIGHBURY_RD,2006-10-11 02:30:00,25
3685,WARRIGAL_RD S of HIGHBURY_RD,2006-10-11 02:30:00,44
3685,WARRIGAL_RD S of HIGHBURY_RD,2006-10-11 02:30:00,48
3685,WARRIGAL_RD S of HIGHBURY_RD,2006-10-11 02:30:00,61
3685,WARRIGAL_RD S of HIGHBURY_RD,2006-10-11 02:30:00,129
3685,WARRIGAL_RD S of HIGHBURY_RD,2006-10-11 02:30:00,168
3685,WARRIGAL_RD S of HIGHBURY_RD,2006-10-11 02:30:00,235
3685,WARRIGAL_RD S of HIGHBURY_RD,2006-10-11 02:30:00,262
3685,WARRIGAL_RD S of HIGHBURY_RD,2006-10-11 02:30:00,291
3685,WARRIGAL_RD S of HIGHBURY_RD,2006-10-11 02:30:00,370
3685,WARRIGAL_RD S of HIGHBURY_RD,2006-10-11 02:30:00,337
3685,WARRIGAL_RD S of HIGHBURY_RD,2006-10-11 02:30:00,490
3685,WARRIGAL_RD S of HIGHBURY_RD,2006-10-11 02:30:00,478
3685,WARRIGAL_RD S of HIGHBURY_RD,2006-10-11 02:30:00,462
3685,WARRIGAL_RD S of HIGHBURY_RD,2006-10-11 02:30:00,505
3685,WARRIGAL_RD S of HIGHBURY_RD,2006-10-11 02:30:00,427
3685,WARRIGAL_RD S of HIGHBURY_RD,2006-10-11 02:30:00,430
3685,WARRIGAL_RD S of HIGHBURY_RD,2006-10-11 02:30:00,386
3685,WARRIGAL_RD S of HIGHBURY_RD,2006-10-11 02:30:00,406
3685,WARRIGAL_RD S of HIGHBURY_RD,2006-10-11 02:30:00,398
3685,WARRIGAL_RD S of HIGHBURY_RD,2006-10-11 02:30:00,340
3685,WARRIGAL_RD S of HIGHBURY_RD,2006-10-11 02:30:00,353
3685,WARRIGAL_RD S of HIGHBURY_RD,2006-10-11 02:30:00,406
3685,WARRIGAL_RD S of HIGHBURY_RD,2006-10-11 02:30:00,324
3685,WARRIGAL_RD S of HIGHBURY_RD,2006-10-11 02:30:00,328
3685,WARRIGAL_RD S of HIGHBURY_RD,2006-10-11 02:30:00,333
3685,WARRIGAL_RD S of HIGHBURY_RD,2006-10-11 02:30:00,403
3685,WARRIGAL_RD S of HIGHBURY_RD,2006-10-11 02:30:00,318
3685,WARRIGAL_RD S of HIGHBURY_RD,2006-10-11 02:30:00,364
3685,WARRIGAL_RD S of HIGHBURY_RD,2006-10-11 02:30:00,391
3685,WARRIGAL_RD S of HIGHBURY_RD,2006-10-11 02:30:00,312
3685,WARRIGAL_RD S of HIGHBURY_RD,2006-10-11 02:30:00,386
3685,WARRIGAL_RD S of HIGHBURY_RD,2006-10-11 02:30:00,365
3685,WARRIGAL_RD S of HIGHBURY_RD,2006-10-11 02:30:00,402
3685,WARRIGAL_RD S of HIGHBURY_RD,2006-10-11 02:30:00,367
3685,WARRIGAL_RD S of HIGHBURY_RD,2006-10-11 02:30:00,393
3685,WARRIGAL_RD S of HIGHBURY_RD,2006-10-11 02:30:00,410
3685,WARRIGAL_RD S of HIGHBURY_RD,2006-10-11 02:30:00,375
3685,WARRIGAL_RD S of HIGHBURY_RD,2006-10-11 02:30:00,414
3685,WARRIGAL_RD S of HIGHBURY_RD,2006-10-11 02:30:00,383
3685,WARRIGAL_RD S of HIGHBURY_RD,2006-10-11 02:30:00,482
3685,WARRIGAL_RD S of HIGHBURY_RD,2006-10-11 02:30:00,488
3685,WARRIGAL_RD S of HIGHBURY_RD,2006-10-11 02:30:00,470
3685,WARRIGAL_RD S of HIGHBURY_RD,2006-10-11 02:30:00,474
3685,WARRIGAL_RD S of HIGHBURY_RD,2006-10-11 02:30:00,478
3685,WARRIGAL_RD S of HIGHBURY_RD,2006-10-11 02:30:00,556
3685,WARRIGAL_RD S of HIGHBURY_RD,2006-10-11 02:30:00,581
3685,WARRIGAL_RD S of HIGHBURY_RD,2006-10-11 02:30:00,564
3685,WARRIGAL_RD S of HIGHBURY_RD,2006-10-11 02:30:00,514
3685,WARRIGAL_RD S of HIGHBURY_RD,2006-10-11 02:30:00,549
3685,WARRIGAL_RD S of HIGHBURY_RD,2006-10-11 02:30:00,537
3685,WARRIGAL_RD S of HIGHBURY_RD,2006-10-11 02:30:00,574
3685,WARRIGAL_RD S of HIGHBURY_RD,2006-10-11 02:30:00,597
3685,WARRIGAL_RD S of HIGHBURY_RD,2006-10-11 02:30:00,617
3685,WARRIGAL_RD S of HIGHBURY_RD,2006-10-11 02:30:00,496
3685,WARRIGAL_RD S of HIGHBURY_RD,2006-10-11 02:30:00,411
3685,WARRIGAL_RD S of HIGHBURY_RD,2006-10-11 02:30:00,358
3685,WARRIGAL_RD S of HIGHBURY_RD,2006-10-11 02:30:00,369
3685,WARRIGAL_RD S of HIGHBURY_RD,2006-10-11 02:30:00,293
3685,WARRIGAL_RD S of HIGHBURY_RD,2006-10-11 02:30:00,317
3685,WARRIGAL_RD S of HIGHBURY_RD,2006-10-11 02:30:00,285
3685,WARRIGAL_RD S of HIGHBURY_RD,2006-10-11 02:30:00,208
3685,WARRIGAL_RD S of HIGHBURY_RD,2006-10-11 02:30:00,239
3685,WARRIGAL_RD S of HIGHBURY_RD,2006-10-11 02:30:00,202
3685,WARRIGAL_RD S of HIGHBURY_RD,2006-10-11 02:30:00,241
3685,WARRIGAL_RD S of HIGHBURY_RD,2006-10-11 02:30:00,235
3685,WARRIGAL_RD S of HIGHBURY_RD,2006-10-11 02:30:00,213
3685,WARRIGAL_RD S of HIGHBURY_RD,2006-10-11 02:30:00,243
3685,WARRIGAL_RD S of HIGHBURY_RD,2006-10-11 02:30:00,236
3685,WARRIGAL_RD S of HIGHBURY_RD,2006-10-11 02:30:00,238
3685,WARRIGAL_RD S of HIGHBURY_RD,2006-10-11 02:30:00,170
3685,WARRIGAL_RD S of HIGHBURY_RD,2006-10-11 02:30:00,158
3685,WARRIGAL_RD S of HIGHBURY_RD,2006-10-11 02:30:00,145
3685,WARRIGAL_RD S of HIGHBURY_RD,2006-10-11 02:30:00,117
3685,WARRIGAL_RD S of HIGHBURY_RD,2006-10-11 02:30:00,107
3685,WARRIGAL_RD S of HIGHBURY_RD,2006-10-11 02:30:00,77
3685,WARRIGAL_RD S of HIGHBURY_RD,2006-10-12 02:45:00,47
3685,WARRIGAL_RD S of HIGHBURY_RD,2006-10-12 02:45:00,45
3685,WARRIGAL_RD S of HIGHBURY_RD,2006-10-12 02:45:00,43
3685,WARRIGAL_RD S of HIGHBURY_RD,2006-10-12 02:45:00,31
3685,WARRIGAL_RD S of HIGHBURY_RD,2006-10-12 02:45:00,22
3685,WARRIGAL_RD S of HIGHBURY_RD,2006-10-12 02:45:00,26
3685,WARRIGAL_RD S of HIGHBURY_RD,2006-10-12 02:45:00,25
3685,WARRIGAL_RD S of HIGHBURY_RD,2006-10-12 02:45:00,22
3685,WARRIGAL_RD S of HIGHBURY_RD,2006-10-12 02:45:00,23
3685,WARRIGAL_RD S of HIGHBURY_RD,2006-10-12 02:45:00,19
3685,WARRIGAL_RD S of HIGHBURY_RD,2006-10-12 02:45:00,12
3685,WARRIGAL_RD S of HIGHBURY_RD,2006-10-12 02:45:00,24
3685,WARRIGAL_RD S of HIGHBURY_RD,2006-10-12 02:45:00,10
3685,WARRIGAL_RD S of HIGHBURY_RD,2006-10-12 02:45:00,17
3685,WARRIGAL_RD S of HIGHBURY_RD,2006-10-12 02:45:00,12
3685,WARRIGAL_RD S of HIGHBURY_RD,2006-10-12 02:45:00,19
3685,WARRIGAL_RD S of HIGHBURY_RD,2006-10-12 02:45:00,15
3685,WARRIGAL_RD S of HIGHBURY_RD,2006-10-12 02:45:00,18
3685,WARRIGAL_RD S of HIGHBURY_RD,2006-10-12 02:45:00,31
3685,WARRIGAL_RD S of HIGHBURY_RD,2006-10-12 02:45:00,19
3685,WARRIGAL_RD S of HIGHBURY_RD,2006-10-12 02:45:00,16
3685,WARRIGAL_RD S of HIGHBURY_RD,2006-10-12 02:45:00,38
3685,WARRIGAL_RD S of HIGHBURY_RD,2006-10-12 02:45:00,64
3685,WARRIGAL_RD S of HIGHBURY_RD,2006-10-12 02:45:00,65
3685,WARRIGAL_RD S of HIGHBURY_RD,2006-10-12 02:45:00,121
3685,WARRIGAL_RD S of HIGHBURY_RD,2006-10-12 02:45:00,162
3685,WARRIGAL_RD S of HIGHBURY_RD,2006-10-12 02:45:00,253
3685,WARRIGAL_RD S of HIGHBURY_RD,2006-10-12 02:45:00,223
3685,WARRIGAL_RD S of HIGHBURY_RD,2006-10-12 02:45:00,294
3685,WARRIGAL_RD S of HIGHBURY_RD,2006-10-12 02:45:00,401
3685,WARRIGAL_RD S of HIGHBURY_RD,2006-10-12 02:45:00,380
3685,WARRIGAL_RD S of HIGHBURY_RD,2006-10-12 02:45:00,465
3685,WARRIGAL_RD S of HIGHBURY_RD,2006-10-12 02:45:00,444
3685,WARRIGAL_RD S of HIGHBURY_RD,2006-10-12 02:45:00,542
3685,WARRIGAL_RD S of HIGHBURY_RD,2006-10-12 02:45:00,476
3685,WARRIGAL_RD S of HIGHBURY_RD,2006-10-12 02:45:00,477
3685,WARRIGAL_RD S of HIGHBURY_RD,2006-10-12 02:45:00,394
3685,WARRIGAL_RD S of HIGHBURY_RD,2006-10-12 02:45:00,376
3685,WARRIGAL_RD S of HIGHBURY_RD,2006-10-12 02:45:00,414
3685,WARRIGAL_RD S of HIGHBURY_RD,2006-10-12 02:45:00,429
3685,WARRIGAL_RD S of HIGHBURY_RD,2006-10-12 02:45:00,346
3685,WARRIGAL_RD S of HIGHBURY_RD,2006-10-12 02:45:00,354
3685,WARRIGAL_RD S of HIGHBURY_RD,2006-10-12 02:45:00,359
3685,WARRIGAL_RD S of HIGHBURY_RD,2006-10-12 02:45:00,348
3685,WARRIGAL_RD S of HIGHBURY_RD,2006-10-12 02:45:00,257
3685,WARRIGAL_RD S of HIGHBURY_RD,2006-10-12 02:45:00,317
3685,WARRIGAL_RD S of HIGHBURY_RD,2006-10-12 02:45:00,393
3685,WARRIGAL_RD S of HIGHBURY_RD,2006-10-12 02:45:00,380
3685,WARRIGAL_RD S of HIGHBURY_RD,2006-10-12 02:45:00,348
3685,WARRIGAL_RD S of HIGHBURY_RD,2006-10-12 02:45:00,378
3685,WARRIGAL_RD S of HIGHBURY_RD,2006-10-12 02:45:00,375
3685,WARRIGAL_RD S of HIGHBURY_RD,2006-10-12 02:45:00,422
3685,WARRIGAL_RD S of HIGHBURY_RD,2006-10-12 02:45:00,369
3685,WARRIGAL_RD S of HIGHBURY_RD,2006-10-12 02:45:00,387
3685,WARRIGAL_RD S of HIGHBURY_RD,2006-10-12 02:45:00,355
3685,WARRIGAL_RD S of HIGHBURY_RD,2006-10-12 02:45:00,437
3685,WARRIGAL_RD S of HIGHBURY_RD,2006-10-12 02:45:00,444
3685,WARRIGAL_RD S of HIGHBURY_RD,2006-10-12 02:45:00,407
3685,WARRIGAL_RD S of HIGHBURY_RD,2006-10-12 02:45:00,436
3685,WARRIGAL_RD S of HIGHBURY_RD,2006-10-12 02:45:00,475
3685,WARRIGAL_RD S of HIGHBURY_RD,2006-10-12 02:45:00,472
3685,WARRIGAL_RD S of HIGHBURY_RD,2006-10-12 02:45:00,521
3685,WARRIGAL_RD S of HIGHBURY_RD,2006-10-12 02:45:00,487
3685,WARRIGAL_RD S of HIGHBURY_RD,2006-10-12 02:45:00,531
3685,WARRIGAL_RD S of HIGHBURY_RD,2006-10-12 02:45:00,436
3685,WARRIGAL_RD S of HIGHBURY_RD,2006-10-12 02:45:00,505
3685,WARRIGAL_RD S of HIGHBURY_RD,2006-10-12 02:45:00,561
3685,WARRIGAL_RD S of HIGHBURY_RD,2006-10-12 02:45:00,557
3685,WARRIGAL_RD S of HIGHBURY_RD,2006-10-12 02:45:00,593
3685,WARRIGAL_RD S of HIGHBURY_RD,2006-10-12 02:45:00,551
3685,WARRIGAL_RD S of HIGHBURY_RD,2006-10-12 02:45:00,558
3685,WARRIGAL_RD S of HIGHBURY_RD,2006-10-12 02:45:00,575
3685,WARRIGAL_RD S of HIGHBURY_RD,2006-10-12 02:45:00,560
3685,WARRIGAL_RD S of HIGHBURY_RD,2006-10-12 02:45:00,514
3685,WARRIGAL_RD S of HIGHBURY_RD,2006-10-12 02:45:00,458
3685,WARRIGAL_RD S of HIGHBURY_RD,2006-10-12 02:45:00,408
3685,WARRIGAL_RD S of HIGHBURY_RD,2006-10-12 02:45:00,390
3685,WARRIGAL_RD S of HIGHBURY_RD,2006-10-12 02:45:00,388
3685,WARRIGAL_RD S of HIGHBURY_RD,2006-10-12 02:45:00,388
3685,WARRIGAL_RD S of HIGHBURY_RD,2006-10-12 02:45:00,353
3685,WARRIGAL_RD S of HIGHBURY_RD,2006-10-12 02:45:00,281
3685,WARRIGAL_RD S of HIGHBURY_RD,2006-10-12 02:45:00,290
3685,WARRIGAL_RD S of HIGHBURY_RD,2006-10-12 02:45:00,316
3685,WARRIGAL_RD S of HIGHBURY_RD,2006-10-12 02:45:00,295
3685,WARRIGAL_RD S of HIGHBURY_RD,2006-10-12 02:45:00,252
3685,WARRIGAL_RD S of HIGHBURY_RD,2006-10-12 02:45:00,235
3685,WARRIGAL_RD S of HIGHBURY_RD,2006-10-12 02:45:00,303
3685,WARRIGAL_RD S of HIGHBURY_RD,2006-10-12 02:45:00,259
3685,WARRIGAL_RD S of HIGHBURY_RD,2006-10-12 02:45:00,236
3685,WARRIGAL_RD S of HIGHBURY_RD,2006-10-12 02:45:00,171
3685,WARRIGAL_RD S of HIGHBURY_RD,2006-10-12 02:45:00,175
3685,WARRIGAL_RD S of HIGHBURY_RD,2006-10-12 02:45:00,153
3685,WARRIGAL_RD S of HIGHBURY_RD,2006-10-12 02:45:00,143
3685,WARRIGAL_RD S of HIGHBURY_RD,2006-10-12 02:45:00,115
3685,WARRIGAL_RD S of HIGHBURY_RD,2006-10-12 02:45:00,112
3685,WARRIGAL_RD S of HIGHBURY_RD,2006-10-12 02:45:00,85
3685,WARRIGAL_RD S of HIGHBURY_RD,2006-10-13 03:00:00,81
3685,WARRIGAL_RD S of HIGHBURY_RD,2006-10-13 03:00:00,67
3685,WARRIGAL_RD S of HIGHBURY_RD,2006-10-13 03:00:00,48
3685,WARRIGAL_RD S of HIGHBURY_RD,2006-10-13 03:00:00,46
3685,WARRIGAL_RD S of HIGHBURY_RD,2006-10-13 03:00:00,44
3685,WARRIGAL_RD S of HIGHBURY_RD,2006-10-13 03:00:00,31
3685,WARRIGAL_RD S of HIGHBURY_RD,2006-10-13 03:00:00,31
3685,WARRIGAL_RD S of HIGHBURY_RD,2006-10-13 03:00:00,26
3685,WARRIGAL_RD S of HIGHBURY_RD,2006-10-13 03:00:00,24
3685,WARRIGAL_RD S of HIGHBURY_RD,2006-10-13 03:00:00,17
3685,WARRIGAL_RD S of HIGHBURY_RD,2006-10-13 03:00:00,29
3685,WARRIGAL_RD S of HIGHBURY_RD,2006-10-13 03:00:00,10
3685,WARRIGAL_RD S of HIGHBURY_RD,2006-10-13 03:00:00,10
3685,WARRIGAL_RD S of HIGHBURY_RD,2006-10-13 03:00:00,13
3685,WARRIGAL_RD S of HIGHBURY_RD,2006-10-13 03:00:00,15
3685,WARRIGAL_RD S of HIGHBURY_RD,2006-10-13 03:00:00,11
3685,WARRIGAL_RD S of HIGHBURY_RD,2006-10-13 03:00:00,10
3685,WARRIGAL_RD S of HIGHBURY_RD,2006-10-13 03:00:00,29
3685,WARRIGAL_RD S of HIGHBURY_RD,2006-10-13 03:00:00,42
3685,WARRIGAL_RD S of HIGHBURY_RD,2006-10-13 03:00:00,30
3685,WARRIGAL_RD S of HIGHBURY_RD,2006-10-13 03:00:00,26
3685,WARRIGAL_RD S of HIGHBURY_RD,2006-10-13 03:00:00,37
3685,WARRIGAL_RD S of HIGHBURY_RD,2006-10-13 03:00:00,57
3685,WARRIGAL_RD S of HIGHBURY_RD,2006-10-13 03:00:00,73
3685,WARRIGAL_RD S of HIGHBURY_RD,2006-10-13 03:00:00,102
3685,WARRIGAL_RD S of HIGHBURY_RD,2006-10-13 03:00:00,167
3685,WARRIGAL_RD S of HIGHBURY_RD,2006-10-13 03:00:00,240
3685,WARRIGAL_RD S of HIGHBURY_RD,2006-10-13 03:00:00,283
3685,WARRIGAL_RD S of HIGHBURY_RD,2006-10-13 03:00:00,287
3685,WARRIGAL_RD S of HIGHBURY_RD,2006-10-13 03:00:00,328
3685,WARRIGAL_RD S of HIGHBURY_RD,2006-10-13 03:00:00,346
3685,WARRIGAL_RD S of HIGHBURY_RD,2006-10-13 03:00:00,419
3685,WARRIGAL_RD S of HIGHBURY_RD,2006-10-13 03:00:00,451
3685,WARRIGAL_RD S of HIGHBURY_RD,2006-10-13 03:00:00,492
3685,WARRIGAL_RD S of HIGHBURY_RD,2006-10-13 03:00:00,493
3685,WARRIGAL_RD S of HIGHBURY_RD,2006-10-13 03:00:00,403
3685,WARRIGAL_RD S of HIGHBURY_RD,2006-10-13 03:00:00,434
3685,WARRIGAL_RD S of HIGHBURY_RD,2006-10-13 03:00:00,355
3685,WARRIGAL_RD S of HIGHBURY_RD,2006-10-13 03:00:00,340
3685,WARRIGAL_RD S of HIGHBURY_RD,2006-10-13 03:00:00,351
3685,WARRIGAL_RD S of HIGHBURY_RD,2006-10-13 03:00:00,363
3685,WARRIGAL_RD S of HIGHBURY_RD,2006-10-13 03:00:00,283
3685,WARRIGAL_RD S of HIGHBURY_RD,2006-10-13 03:00:00,326
3685,WARRIGAL_RD S of HIGHBURY_RD,2006-10-13 03:00:00,361
3685,WARRIGAL_RD S of HIGHBURY_RD,2006-10-13 03:00:00,334
3685,WARRIGAL_RD S of HIGHBURY_RD,2006-10-13 03:00:00,377
3685,WARRIGAL_RD S of HIGHBURY_RD,2006-10-13 03:00:00,380
3685,WARRIGAL_RD S of HIGHBURY_RD,2006-10-13 03:00:00,397
3685,WARRIGAL_RD S of HIGHBURY_RD,2006-10-13 03:00:00,359
3685,WARRIGAL_RD S of HIGHBURY_RD,2006-10-13 03:00:00,371
3685,WARRIGAL_RD S of HIGHBURY_RD,2006-10-13 03:00:00,436
3685,WARRIGAL_RD S of HIGHBURY_RD,2006-10-13 03:00:00,371
3685,WARRIGAL_RD S of HIGHBURY_RD,2006-10-13 03:00:00,394
3685,WARRIGAL_RD S of HIGHBURY_RD,2006-10-13 03:00:00,414
3685,WARRIGAL_RD S of HIGHBURY_RD,2006-10-13 03:00:00,470
3685,WARRIGAL_RD S of HIGHBURY_RD,2006-10-13 03:00:00,385
3685,WARRIGAL_RD S of HIGHBURY_RD,2006-10-13 03:00:00,379
3685,WARRIGAL_RD S of HIGHBURY_RD,2006-10-13 03:00:00,425
3685,WARRIGAL_RD S of HIGHBURY_RD,2006-10-13 03:00:00,454
3685,WARRIGAL_RD S of HIGHBURY_RD,2006-10-13 03:00:00,435
3685,WARRIGAL_RD S of HIGHBURY_RD,2006-10-13 03:00:00,499
3685,WARRIGAL_RD S of HIGHBURY_RD,2006-10-13 03:00:00,482
3685,WARRIGAL_RD S of HIGHBURY_RD,2006-10-13 03:00:00,499
3685,WARRIGAL_RD S of HIGHBURY_RD,2006-10-13 03:00:00,534
3685,WARRIGAL_RD S of HIGHBURY_RD,2006-10-13 03:00:00,522
3685,WARRIGAL_RD S of HIGHBURY_RD,2006-10-13 03:00:00,517
3685,WARRIGAL_RD S of HIGHBURY_RD,2006-10-13 03:00:00,611
3685,WARRIGAL_RD S of HIGHBURY_RD,2006-10-13 03:00:00,526
3685,WARRIGAL_RD S of HIGHBURY_RD,2006-10-13 03:00:00,542
3685,WARRIGAL_RD S of HIGHBURY_RD,2006-10-13 03:00:00,539
3685,WARRIGAL_RD S of HIGHBURY_RD,2006-10-13 03:00:00,552
3685,WARRIGAL_RD S of HIGHBURY_RD,2006-10-13 03:00:00,540
3685,WARRIGAL_RD S of HIGHBURY_RD,2006-10-13 03:00:00,576
3685,WARRIGAL_RD S of HIGHBURY_RD,2006-10-13 03:00:00,554
3685,WARRIGAL_RD S of HIGHBURY_RD,2006-10-13 03:00:00,493
3685,WARRIGAL_RD S of HIGHBURY_RD,2006-10-13 03:00:00,460
3685,WARRIGAL_RD S of HIGHBURY_RD,2006-10-13 03:00:00,435
3685,WARRIGAL_RD S of HIGHBURY_RD,2006-10-13 03:00:00,357
3685,WARRIGAL_RD S of HIGHBURY_RD,2006-10-13 03:00:00,383
3685,WARRIGAL_RD S of HIGHBURY_RD,2006-10-13 03:00:00,278
3685,WARRIGAL_RD S of HIGHBURY_RD,2006-10-13 03:00:00,266
3685,WARRIGAL_RD S of HIGHBURY_RD,2006-10-13 03:00:00,278
3685,WARRIGAL_RD S of HIGHBURY_RD,2006-10-13 03:00:00,270
3685,WARRIGAL_RD S of HIGHBURY_RD,2006-10-13 03:00:00,283
3685,WARRIGAL_RD S of HIGHBURY_RD,2006-10-13 03:00:00,325
3685,WARRIGAL_RD S of HIGHBURY_RD,2006-10-13 03:00:00,357
3685,WARRIGAL_RD S of HIGHBURY_RD,2006-10-13 03:00:00,263
3685,WARRIGAL_RD S of HIGHBURY_RD,2006-10-13 03:00:00,175
3685,WARRIGAL_RD S of HIGHBURY_RD,2006-10-13 03:00:00,225
3685,WARRIGAL_RD S of HIGHBURY_RD,2006-10-13 03:00:00,194
3685,WARRIGAL_RD S of HIGHBURY_RD,2006-10-13 03:00:00,202
3685,WARRIGAL_RD S of HIGHBURY_RD,2006-10-13 03:00:00,218
3685,WARRIGAL_RD S of HIGHBURY_RD,2006-10-13 03:00:00,206
3685,WARRIGAL_RD S of HIGHBURY_RD,2006-10-13 03:00:00,167
3685,WARRIGAL_RD S of HIGHBURY_RD,2006-10-13 03:00:00,170
3685,WARRIGAL_RD S of HIGHBURY_RD,2006-10-13 03:00:00,131
3685,WARRIGAL_RD S of HIGHBURY_RD,2006-10-14 03:15:00,111
3685,WARRIGAL_RD S of HIGHBURY_RD,2006-10-14 03:15:00,120
3685,WARRIGAL_RD S of HIGHBURY_RD,2006-10-14 03:15:00,101
3685,WARRIGAL_RD S of HIGHBURY_RD,2006-10-14 03:15:00,62
3685,WARRIGAL_RD S of HIGHBURY_RD,2006-10-14 03:15:00,80
3685,WARRIGAL_RD S of HIGHBURY_RD,2006-10-14 03:15:00,78
3685,WARRIGAL_RD S of HIGHBURY_RD,2006-10-14 03:15:00,46
3685,WARRIGAL_RD S of HIGHBURY_RD,2006-10-14 03:15:00,66
3685,WARRIGAL_RD S of HIGHBURY_RD,2006-10-14 03:15:00,48
3685,WARRIGAL_RD S of HIGHBURY_RD,2006-10-14 03:15:00,56
3685,WARRIGAL_RD S of HIGHBURY_RD,2006-10-14 03:15:00,43
3685,WARRIGAL_RD S of HIGHBURY_RD,2006-10-14 03:15:00,28
3685,WARRIGAL_RD S of HIGHBURY_RD,2006-10-14 03:15:00,32
3685,WARRIGAL_RD S of HIGHBURY_RD,2006-10-14 03:15:00,34
3685,WARRIGAL_RD S of HIGHBURY_RD,2006-10-14 03:15:00,44
3685,WARRIGAL_RD S of HIGHBURY_RD,2006-10-14 03:15:00,14
3685,WARRIGAL_RD S of HIGHBURY_RD,2006-10-14 03:15:00,20
3685,WARRIGAL_RD S of HIGHBURY_RD,2006-10-14 03:15:00,25
3685,WARRIGAL_RD S of HIGHBURY_RD,2006-10-14 03:15:00,28
3685,WARRIGAL_RD S of HIGHBURY_RD,2006-10-14 03:15:00,27
3685,WARRIGAL_RD S of HIGHBURY_RD,2006-10-14 03:15:00,22
3685,WARRIGAL_RD S of HIGHBURY_RD,2006-10-14 03:15:00,25
3685,WARRIGAL_RD S of HIGHBURY_RD,2006-10-14 03:15:00,39
3685,WARRIGAL_RD S of HIGHBURY_RD,2006-10-14 03:15:00,42
3685,WARRIGAL_RD S of HIGHBURY_RD,2006-10-14 03:15:00,49
3685,WARRIGAL_RD S of HIGHBURY_RD,2006-10-14 03:15:00,90
3685,WARRIGAL_RD S of HIGHBURY_RD,2006-10-14 03:15:00,102
3685,WARRIGAL_RD S of HIGHBURY_RD,2006-10-14 03:15:00,120
3685,WARRIGAL_RD S of HIGHBURY_RD,2006-10-14 03:15:00,111
3685,WARRIGAL_RD S of HIGHBURY_RD,2006-10-14 03:15:00,127
3685,WARRIGAL_RD S of HIGHBURY_RD,2006-10-14 03:15:00,184
3685,WARRIGAL_RD S of HIGHBURY_RD,2006-10-14 03:15:00,208
3685,WARRIGAL_RD S of HIGHBURY_RD,2006-10-14 03:15:00,198
3685,WARRIGAL_RD S of HIGHBURY_RD,2006-10-14 03:15:00,222
3685,WARRIGAL_RD S of HIGHBURY_RD,2006-10-14 03:15:00,257
3685,WARRIGAL_RD S of HIGHBURY_RD,2006-10-14 03:15:00,276
3685,WARRIGAL_RD S of HIGHBURY_RD,2006-10-14 03:15:00,309
3685,WARRIGAL_RD S of HIGHBURY_RD,2006-10-14 03:15:00,273
3685,WARRIGAL_RD S of HIGHBURY_RD,2006-10-14 03:15:00,295
3685,WARRIGAL_RD S of HIGHBURY_RD,2006-10-14 03:15:00,378
3685,WARRIGAL_RD S of HIGHBURY_RD,2006-10-14 03:15:00,368
3685,WARRIGAL_RD S of HIGHBURY_RD,2006-10-14 03:15:00,353
3685,WARRIGAL_RD S of HIGHBURY_RD,2006-10-14 03:15:00,390
3685,WARRIGAL_RD S of HIGHBURY_RD,2006-10-14 03:15:00,347
3685,WARRIGAL_RD S of HIGHBURY_RD,2006-10-14 03:15:00,398
3685,WARRIGAL_RD S of HIGHBURY_RD,2006-10-14 03:15:00,390
3685,WARRIGAL_RD S of HIGHBURY_RD,2006-10-14 03:15:00,437
3685,WARRIGAL_RD S of HIGHBURY_RD,2006-10-14 03:15:00,424
3685,WARRIGAL_RD S of HIGHBURY_RD,2006-10-14 03:15:00,453
3685,WARRIGAL_RD S of HIGHBURY_RD,2006-10-14 03:15:00,441
3685,WARRIGAL_RD S of HIGHBURY_RD,2006-10-14 03:15:00,401
3685,WARRIGAL_RD S of HIGHBURY_RD,2006-10-14 03:15:00,465
3685,WARRIGAL_RD S of HIGHBURY_RD,2006-10-14 03:15:00,382
3685,WARRIGAL_RD S of HIGHBURY_RD,2006-10-14 03:15:00,445
3685,WARRIGAL_RD S of HIGHBURY_RD,2006-10-14 03:15:00,410
3685,WARRIGAL_RD S of HIGHBURY_RD,2006-10-14 03:15:00,499
3685,WARRIGAL_RD S of HIGHBURY_RD,2006-10-14 03:15:00,443
3685,WARRIGAL_RD S of HIGHBURY_RD,2006-10-14 03:15:00,437
3685,WARRIGAL_RD S of HIGHBURY_RD,2006-10-14 03:15:00,411
3685,WARRIGAL_RD S of HIGHBURY_RD,2006-10-14 03:15:00,407
3685,WARRIGAL_RD S of HIGHBURY_RD,2006-10-14 03:15:00,413
3685,WARRIGAL_RD S of HIGHBURY_RD,2006-10-14 03:15:00,403
3685,WARRIGAL_RD S of HIGHBURY_RD,2006-10-14 03:15:00,435
3685,WARRIGAL_RD S of HIGHBURY_RD,2006-10-14 03:15:00,403
3685,WARRIGAL_RD S of HIGHBURY_RD,2006-10-14 03:15:00,483
3685,WARRIGAL_RD S of HIGHBURY_RD,2006-10-14 03:15:00,459
3685,WARRIGAL_RD S of HIGHBURY_RD,2006-10-14 03:15:00,480
3685,WARRIGAL_RD S of HIGHBURY_RD,2006-10-14 03:15:00,459
3685,WARRIGAL_RD S of HIGHBURY_RD,2006-10-14 03:15:00,489
3685,WARRIGAL_RD S of HIGHBURY_RD,2006-10-14 03:15:00,496
3685,WARRIGAL_RD S of HIGHBURY_RD,2006-10-14 03:15:00,495
3685,WARRIGAL_RD S of HIGHBURY_RD,2006-10-14 03:15:00,544
3685,WARRIGAL_RD S of HIGHBURY_RD,2006-10-14 03:15:00,465
3685,WARRIGAL_RD S of HIGHBURY_RD,2006-10-14 03:15:00,425
3685,WARRIGAL_RD S of HIGHBURY_RD,2006-10-14 03:15:00,397
3685,WARRIGAL_RD S of HIGHBURY_RD,2006-10-14 03:15:00,378
3685,WARRIGAL_RD S of HIGHBURY_RD,2006-10-14 03:15:00,381
3685,WARRIGAL_RD S of HIGHBURY_RD,2006-10-14 03:15:00,270
3685,WARRIGAL_RD S of HIGHBURY_RD,2006-10-14 03:15:00,275
3685,WARRIGAL_RD S of HIGHBURY_RD,2006-10-14 03:15:00,255
3685,WARRIGAL_RD S of HIGHBURY_RD,2006-10-14 03:15:00,207
3685,WARRIGAL_RD S of HIGHBURY_RD,2006-10-14 03:15:00,175
3685,WARRIGAL_RD S of HIGHBURY_RD,2006-10-14 03:15:00,223
3685,WARRIGAL_RD S of HIGHBURY_RD,2006-10-14 03:15:00,168
3685,WARRIGAL_RD S of HIGHBURY_RD,2006-10-14 03:15:00,199
3685,WARRIGAL_RD S of HIGHBURY_RD,2006-10-14 03:15:00,213
3685,WARRIGAL_RD S of HIGHBURY_RD,2006-10-14 03:15:00,207
3685,WARRIGAL_RD S of HIGHBURY_RD,2006-10-14 03:15:00,193
3685,WARRIGAL_RD S of HIGHBURY_RD,2006-10-14 03:15:00,206
3685,WARRIGAL_RD S of HIGHBURY_RD,2006-10-14 03:15:00,169
3685,WARRIGAL_RD S of HIGHBURY_RD,2006-10-14 03:15:00,191
3685,WARRIGAL_RD S of HIGHBURY_RD,2006-10-14 03:15:00,198
3685,WARRIGAL_RD S of HIGHBURY_RD,2006-10-14 03:15:00,218
3685,WARRIGAL_RD S of HIGHBURY_RD,2006-10-14 03:15:00,198
3685,WARRIGAL_RD S of HIGHBURY_RD,2006-10-14 03:15:00,198
3685,WARRIGAL_RD S of HIGHBURY_RD,2006-10-14 03:15:00,192
3685,WARRIGAL_RD S of HIGHBURY_RD,2006-10-15 03:30:00,184
3685,WARRIGAL_RD S of HIGHBURY_RD,2006-10-15 03:30:00,174
3685,WARRIGAL_RD S of HIGHBURY_RD,2006-10-15 03:30:00,144
3685,WARRIGAL_RD S of HIGHBURY_RD,2006-10-15 03:30:00,135
3685,WARRIGAL_RD S of HIGHBURY_RD,2006-10-15 03:30:00,105
3685,WARRIGAL_RD S of HIGHBURY_RD,2006-10-15 03:30:00,93
3685,WARRIGAL_RD S of HIGHBURY_RD,2006-10-15 03:30:00,75
3685,WARRIGAL_RD S of HIGHBURY_RD,2006-10-15 03:30:00,102
3685,WARRIGAL_RD S of HIGHBURY_RD,2006-10-15 03:30:00,72
3685,WARRIGAL_RD S of HIGHBURY_RD,2006-10-15 03:30:00,78
3685,WARRIGAL_RD S of HIGHBURY_RD,2006-10-15 03:30:00,51
3685,WARRIGAL_RD S of HIGHBURY_RD,2006-10-15 03:30:00,62
3685,WARRIGAL_RD S of HIGHBURY_RD,2006-10-15 03:30:00,67
3685,WARRIGAL_RD S of HIGHBURY_RD,2006-10-15 03:30:00,39
3685,WARRIGAL_RD S of HIGHBURY_RD,2006-10-15 03:30:00,57
3685,WARRIGAL_RD S of HIGHBURY_RD,2006-10-15 03:30:00,33
3685,WARRIGAL_RD S of HIGHBURY_RD,2006-10-15 03:30:00,21
3685,WARRIGAL_RD S of HIGHBURY_RD,2006-10-15 03:30:00,29
3685,WARRIGAL_RD S of HIGHBURY_RD,2006-10-15 03:30:00,27
3685,WARRIGAL_RD S of HIGHBURY_RD,2006-10-15 03:30:00,31
3685,WARRIGAL_RD S of HIGHBURY_RD,2006-10-15 03:30:00,31
3685,WARRIGAL_RD S of HIGHBURY_RD,2006-10-15 03:30:00,36
3685,WARRIGAL_RD S of HIGHBURY_RD,2006-10-15 03:30:00,54
3685,WARRIGAL_RD S of HIGHBURY_RD,2006-10-15 03:30:00,49
3685,WARRIGAL_RD S of HIGHBURY_RD,2006-10-15 03:30:00,43
3685,WARRIGAL_RD S of HIGHBURY_RD,2006-10-15 03:30:00,54
3685,WARRIGAL_RD S of HIGHBURY_RD,2006-10-15 03:30:00,70
3685,WARRIGAL_RD S of HIGHBURY_RD,2006-10-15 03:30:00,51
3685,WARRIGAL_RD S of HIGHBURY_RD,2006-10-15 03:30:00,49
3685,WARRIGAL_RD S of HIGHBURY_RD,2006-10-15 03:30:00,77
3685,WARRIGAL_RD S of HIGHBURY_RD,2006-10-15 03:30:00,76
3685,WARRIGAL_RD S of HIGHBURY_RD,2006-10-15 03:30:00,108
3685,WARRIGAL_RD S of HIGHBURY_RD,2006-10-15 03:30:00,109
3685,WARRIGAL_RD S of HIGHBURY_RD,2006-10-15 03:30:00,117
3685,WARRIGAL_RD S of HIGHBURY_RD,2006-10-15 03:30:00,131
3685,WARRIGAL_RD S of HIGHBURY_RD,2006-10-15 03:30:00,200
3685,WARRIGAL_RD S of HIGHBURY_RD,2006-10-15 03:30:00,162
3685,WARRIGAL_RD S of HIGHBURY_RD,2006-10-15 03:30:00,189
3685,WARRIGAL_RD S of HIGHBURY_RD,2006-10-15 03:30:00,204
3685,WARRIGAL_RD S of HIGHBURY_RD,2006-10-15 03:30:00,249
3685,WARRIGAL_RD S of HIGHBURY_RD,2006-10-15 03:30:00,272
3685,WARRIGAL_RD S of HIGHBURY_RD,2006-10-15 03:30:00,276
3685,WARRIGAL_RD S of HIGHBURY_RD,2006-10-15 03:30:00,317
3685,WARRIGAL_RD S of HIGHBURY_RD,2006-10-15 03:30:00,294
3685,WARRIGAL_RD S of HIGHBURY_RD,2006-10-15 03:30:00,298
3685,WARRIGAL_RD S of HIGHBURY_RD,2006-10-15 03:30:00,330
3685,WARRIGAL_RD S of HIGHBURY_RD,2006-10-15 03:30:00,376
3685,WARRIGAL_RD S of HIGHBURY_RD,2006-10-15 03:30:00,389
3685,WARRIGAL_RD S of HIGHBURY_RD,2006-10-15 03:30:00,428
3685,WARRIGAL_RD S of HIGHBURY_RD,2006-10-15 03:30:00,403
3685,WARRIGAL_RD S of HIGHBURY_RD,2006-10-15 03:30:00,428
3685,WARRIGAL_RD S of HIGHBURY_RD,2006-10-15 03:30:00,426
3685,WARRIGAL_RD S of HIGHBURY_RD,2006-10-15 03:30:00,397
3685,WARRIGAL_RD S of HIGHBURY_RD,2006-10-15 03:30:00,332
3685,WARRIGAL_RD S of HIGHBURY_RD,2006-10-15 03:30:00,431
3685,WARRIGAL_RD S of HIGHBURY_RD,2006-10-15 03:30:00,358
3685,WARRIGAL_RD S of HIGHBURY_RD,2006-10-15 03:30:00,407
3685,WARRIGAL_RD S of HIGHBURY_RD,2006-10-15 03:30:00,452
3685,WARRIGAL_RD S of HIGHBURY_RD,2006-10-15 03:30:00,400
3685,WARRIGAL_RD S of HIGHBURY_RD,2006-10-15 03:30:00,434
3685,WARRIGAL_RD S of HIGHBURY_RD,2006-10-15 03:30:00,392
3685,WARRIGAL_RD S of HIGHBURY_RD,2006-10-15 03:30:00,464
3685,WARRIGAL_RD S of HIGHBURY_RD,2006-10-15 03:30:00,414
3685,WARRIGAL_RD S of HIGHBURY_RD,2006-10-15 03:30:00,445
3685,WARRIGAL_RD S of HIGHBURY_RD,2006-10-15 03:30:00,420
3685,WARRIGAL_RD S of HIGHBURY_RD,2006-10-15 03:30:00,438
3685,WARRIGAL_RD S of HIGHBURY_RD,2006-10-15 03:30:00,461
3685,WARRIGAL_RD S of HIGHBURY_RD,2006-10-15 03:30:00,457
3685,WARRIGAL_RD S of HIGHBURY_RD,2006-10-15 03:30:00,453
3685,WARRIGAL_RD S of HIGHBURY_RD,2006-10-15 03:30:00,445
3685,WARRIGAL_RD S of HIGHBURY_RD,2006-10-15 03:30:00,496
3685,WARRIGAL_RD S of HIGHBURY_RD,2006-10-15 03:30:00,437
3685,WARRIGAL_RD S of HIGHBURY_RD,2006-10-15 03:30:00,378
3685,WARRIGAL_RD S of HIGHBURY_RD,2006-10-15 03:30:00,350
3685,WARRIGAL_RD S of HIGHBURY_RD,2006-10-15 03:30:00,281
3685,WARRIGAL_RD S of HIGHBURY_RD,2006-10-15 03:30:00,272
3685,WARRIGAL_RD S of HIGHBURY_RD,2006-10-15 03:30:00,223
3685,WARRIGAL_RD S of HIGHBURY_RD,2006-10-15 03:30:00,282
3685,WARRIGAL_RD S of HIGHBURY_RD,2006-10-15 03:30:00,262
3685,WARRIGAL_RD S of HIGHBURY_RD,2006-10-15 03:30:00,251
3685,WARRIGAL_RD S of HIGHBURY_RD,2006-10-15 03:30:00,199
3685,WARRIGAL_RD S of HIGHBURY_RD,2006-10-15 03:30:00,206
3685,WARRIGAL_RD S of HIGHBURY_RD,2006-10-15 03:30:00,180
3685,WARRIGAL_RD S of HIGHBURY_RD,2006-10-15 03:30:00,181
3685,WARRIGAL_RD S of HIGHBURY_RD,2006-10-15 03:30:00,205
3685,WARRIGAL_RD S of HIGHBURY_RD,2006-10-15 03:30:00,178
3685,WARRIGAL_RD S of HIGHBURY_RD,2006-10-15 03:30:00,190
3685,WARRIGAL_RD S of HIGHBURY_RD,2006-10-15 03:30:00,161
3685,WARRIGAL_RD S of HIGHBURY_RD,2006-10-15 03:30:00,142
3685,WARRIGAL_RD S of HIGHBURY_RD,2006-10-15 03:30:00,126
3685,WARRIGAL_RD S of HIGHBURY_RD,2006-10-15 03:30:00,136
3685,WARRIGAL_RD S of HIGHBURY_RD,2006-10-15 03:30:00,110
3685,WARRIGAL_RD S of HIGHBURY_RD,2006-10-15 03:30:00,74
3685,WARRIGAL_RD S of HIGHBURY_RD,2006-10-15 03:30:00,92
3685,WARRIGAL_RD S of HIGHBURY_RD,2006-10-15 03:30:00,69
3685,WARRIGAL_RD S of HIGHBURY_RD,2006-10-15 03:30:00,57
3685,WARRIGAL_RD S of HIGHBURY_RD,2006-10-16 03:45:00,34
3685,WARRIGAL_RD S of HIGHBURY_RD,2006-10-16 03:45:00,45
3685,WARRIGAL_RD S of HIGHBURY_RD,2006-10-16 03:45:00,33
3685,WARRIGAL_RD S of HIGHBURY_RD,2006-10-16 03:45:00,34
3685,WARRIGAL_RD S of HIGHBURY_RD,2006-10-16 03:45:00,19
3685,WARRIGAL_RD S of HIGHBURY_RD,2006-10-16 03:45:00,18
3685,WARRIGAL_RD S of HIGHBURY_RD,2006-10-16 03:45:00,17
3685,WARRIGAL_RD S of HIGHBURY_RD,2006-10-16 03:45:00,17
3685,WARRIGAL_RD S of HIGHBURY_RD,2006-10-16 03:45:00,13
3685,WARRIGAL_RD S of HIGHBURY_RD,2006-10-16 03:45:00,13
3685,WARRIGAL_RD S of HIGHBURY_RD,2006-10-16 03:45:00,21
3685,WARRIGAL_RD S of HIGHBURY_RD,2006-10-16 03:45:00,16
3685,WARRIGAL_RD S of HIGHBURY_RD,2006-10-16 03:45:00,7
3685,WARRIGAL_RD S of HIGHBURY_RD,2006-10-16 03:45:00,10
3685,WARRIGAL_RD S of HIGHBURY_RD,2006-10-16 03:45:00,12
3685,WARRIGAL_RD S of HIGHBURY_RD,2006-10-16 03:45:00,8
3685,WARRIGAL_RD S of HIGHBURY_RD,2006-10-16 03:45:00,10
3685,WARRIGAL_RD S of HIGHBURY_RD,2006-10-16 03:45:00,28
3685,WARRIGAL_RD S of HIGHBURY_RD,2006-10-16 03:45:00,21
3685,WARRIGAL_RD S of HIGHBURY_RD,2006-10-16 03:45:00,22
3685,WARRIGAL_RD S of HIGHBURY_RD,2006-10-16 03:45:00,40
3685,WARRIGAL_RD S of HIGHBURY_RD,2006-10-16 03:45:00,34
3685,WARRIGAL_RD S of HIGHBURY_RD,2006-10-16 03:45:00,54
3685,WARRIGAL_RD S of HIGHBURY_RD,2006-10-16 03:45:00,64
3685,WARRIGAL_RD S of HIGHBURY_RD,2006-10-16 03:45:00,116
3685,WARRIGAL_RD S of HIGHBURY_RD,2006-10-16 03:45:00,164
3685,WARRIGAL_RD S of HIGHBURY_RD,2006-10-16 03:45:00,247
3685,WARRIGAL_RD S of HIGHBURY_RD,2006-10-16 03:45:00,247
3685,WARRIGAL_RD S of HIGHBURY_RD,2006-10-16 03:45:00,283
3685,WARRIGAL_RD S of HIGHBURY_RD,2006-10-16 03:45:00,380
3685,WARRIGAL_RD S of HIGHBURY_RD,2006-10-16 03:45:00,344
3685,WARRIGAL_RD S of HIGHBURY_RD,2006-10-16 03:45:00,416
3685,WARRIGAL_RD S of HIGHBURY_RD,2006-10-16 03:45:00,442
3685,WARRIGAL_RD S of HIGHBURY_RD,2006-10-16 03:45:00,489
3685,WARRIGAL_RD S of HIGHBURY_RD,2006-10-16 03:45:00,452
3685,WARRIGAL_RD S of HIGHBURY_RD,2006-10-16 03:45:00,460
3685,WARRIGAL_RD S of HIGHBURY_RD,2006-10-16 03:45:00,351
3685,WARRIGAL_RD S of HIGHBURY_RD,2006-10-16 03:45:00,426
3685,WARRIGAL_RD S of HIGHBURY_RD,2006-10-16 03:45:00,382
3685,WARRIGAL_RD S of HIGHBURY_RD,2006-10-16 03:45:00,359
3685,WARRIGAL_RD S of HIGHBURY_RD,2006-10-16 03:45:00,340
3685,WARRIGAL_RD S of HIGHBURY_RD,2006-10-16 03:45:00,292
3685,WARRIGAL_RD S of HIGHBURY_RD,2006-10-16 03:45:00,330
3685,WARRIGAL_RD S of HIGHBURY_RD,2006-10-16 03:45:00,329
3685,WARRIGAL_RD S of HIGHBURY_RD,2006-10-16 03:45:00,299
3685,WARRIGAL_RD S of HIGHBURY_RD,2006-10-16 03:45:00,380
3685,WARRIGAL_RD S of HIGHBURY_RD,2006-10-16 03:45:00,317
3685,WARRIGAL_RD S of HIGHBURY_RD,2006-10-16 03:45:00,314
3685,WARRIGAL_RD S of HIGHBURY_RD,2006-10-16 03:45:00,314
3685,WARRIGAL_RD S of HIGHBURY_RD,2006-10-16 03:45:00,346
3685,WARRIGAL_RD S of HIGHBURY_RD,2006-10-16 03:45:00,359
3685,WARRIGAL_RD S of HIGHBURY_RD,2006-10-16 03:45:00,375
3685,WARRIGAL_RD S of HIGHBURY_RD,2006-10-16 03:45:00,349
3685,WARRIGAL_RD S of HIGHBURY_RD,2006-10-16 03:45:00,362
3685,WARRIGAL_RD S of HIGHBURY_RD,2006-10-16 03:45:00,370
3685,WARRIGAL_RD S of HIGHBURY_RD,2006-10-16 03:45:00,393
3685,WARRIGAL_RD S of HIGHBURY_RD,2006-10-16 03:45:00,365
3685,WARRIGAL_RD S of HIGHBURY_RD,2006-10-16 03:45:00,431
3685,WARRIGAL_RD S of HIGHBURY_RD,2006-10-16 03:45:00,389
3685,WARRIGAL_RD S of HIGHBURY_RD,2006-10-16 03:45:00,399
3685,WARRIGAL_RD S of HIGHBURY_RD,2006-10-16 03:45:00,448
3685,WARRIGAL_RD S of HIGHBURY_RD,2006-10-16 03:45:00,485
3685,WARRIGAL_RD S of HIGHBURY_RD,2006-10-16 03:45:00,475
3685,WARRIGAL_RD S of HIGHBURY_RD,2006-10-16 03:45:00,473
3685,WARRIGAL_RD S of HIGHBURY_RD,2006-10-16 03:45:00,528
3685,WARRIGAL_RD S of HIGHBURY_RD,2006-10-16 03:45:00,519
3685,WARRIGAL_RD S of HIGHBURY_RD,2006-10-16 03:45:00,590
3685,WARRIGAL_RD S of HIGHBURY_RD,2006-10-16 03:45:00,523
3685,WARRIGAL_RD S of HIGHBURY_RD,2006-10-16 03:45:00,494
3685,WARRIGAL_RD S of HIGHBURY_RD,2006-10-16 03:45:00,509
3685,WARRIGAL_RD S of HIGHBURY_RD,2006-10-16 03:45:00,539
3685,WARRIGAL_RD S of HIGHBURY_RD,2006-10-16 03:45:00,583
3685,WARRIGAL_RD S of HIGHBURY_RD,2006-10-16 03:45:00,543
3685,WARRIGAL_RD S of HIGHBURY_RD,2006-10-16 03:45:00,502
3685,WARRIGAL_RD S of HIGHBURY_RD,2006-10-16 03:45:00,428
3685,WARRIGAL_RD S of HIGHBURY_RD,2006-10-16 03:45:00,385
3685,WARRIGAL_RD S of HIGHBURY_RD,2006-10-16 03:45:00,373
3685,WARRIGAL_RD S of HIGHBURY_RD,2006-10-16 03:45:00,308
3685,WARRIGAL_RD S of HIGHBURY_RD,2006-10-16 03:45:00,295
3685,WARRIGAL_RD S of HIGHBURY_RD,2006-10-16 03:45:00,284
3685,WARRIGAL_RD S of HIGHBURY_RD,2006-10-16 03:45:00,229
3685,WARRIGAL_RD S of HIGHBURY_RD,2006-10-16 03:45:00,229
3685,WARRIGAL_RD S of HIGHBURY_RD,2006-10-16 03:45:00,215
3685,WARRIGAL_RD S of HIGHBURY_RD,2006-10-16 03:45:00,182
3685,WARRIGAL_RD S of HIGHBURY_RD,2006-10-16 03:45:00,229
3685,WARRIGAL_RD S of HIGHBURY_RD,2006-10-16 03:45:00,224
3685,WARRIGAL_RD S of HIGHBURY_RD,2006-10-16 03:45:00,167
3685,WARRIGAL_RD S of HIGHBURY_RD,2006-10-16 03:45:00,164
3685,WARRIGAL_RD S of HIGHBURY_RD,2006-10-16 03:45:00,173
3685,WARRIGAL_RD S of HIGHBURY_RD,2006-10-16 03:45:00,149
3685,WARRIGAL_RD S of HIGHBURY_RD,2006-10-16 03:45:00,116
3685,WARRIGAL_RD S of HIGHBURY_RD,2006-10-16 03:45:00,108
3685,WARRIGAL_RD S of HIGHBURY_RD,2006-10-16 03:45:00,122
3685,WARRIGAL_RD S of HIGHBURY_RD,2006-10-16 03:45:00,104
3685,WARRIGAL_RD S of HIGHBURY_RD,2006-10-16 03:45:00,71
3685,WARRIGAL_RD S of HIGHBURY_RD,2006-10-16 03:45:00,55
3685,WARRIGAL_RD S of HIGHBURY_RD,2006-10-17 04:00:00,46
3685,WARRIGAL_RD S of HIGHBURY_RD,2006-10-17 04:00:00,45
3685,WARRIGAL_RD S of HIGHBURY_RD,2006-10-17 04:00:00,40
3685,WARRIGAL_RD S of HIGHBURY_RD,2006-10-17 04:00:00,36
3685,WARRIGAL_RD S of HIGHBURY_RD,2006-10-17 04:00:00,18
3685,WARRIGAL_RD S of HIGHBURY_RD,2006-10-17 04:00:00,16
3685,WARRIGAL_RD S of HIGHBURY_RD,2006-10-17 04:00:00,5
3685,WARRIGAL_RD S of HIGHBURY_RD,2006-10-17 04:00:00,21
3685,WARRIGAL_RD S of HIGHBURY_RD,2006-10-17 04:00:00,17
3685,WARRIGAL_RD S of HIGHBURY_RD,2006-10-17 04:00:00,20
3685,WARRIGAL_RD S of HIGHBURY_RD,2006-10-17 04:00:00,14
3685,WARRIGAL_RD S of HIGHBURY_RD,2006-10-17 04:00:00,12
3685,WARRIGAL_RD S of HIGHBURY_RD,2006-10-17 04:00:00,8
3685,WARRIGAL_RD S of HIGHBURY_RD,2006-10-17 04:00:00,14
3685,WARRIGAL_RD S of HIGHBURY_RD,2006-10-17 04:00:00,7
3685,WARRIGAL_RD S of HIGHBURY_RD,2006-10-17 04:00:00,11
3685,WARRIGAL_RD S of HIGHBURY_RD,2006-10-17 04:00:00,22
3685,WARRIGAL_RD S of HIGHBURY_RD,2006-10-17 04:00:00,28
3685,WARRIGAL_RD S of HIGHBURY_RD,2006-10-17 04:00:00,28
3685,WARRIGAL_RD S of HIGHBURY_RD,2006-10-17 04:00:00,20
3685,WARRIGAL_RD S of HIGHBURY_RD,2006-10-17 04:00:00,19
3685,WARRIGAL_RD S of HIGHBURY_RD,2006-10-17 04:00:00,47
3685,WARRIGAL_RD S of HIGHBURY_RD,2006-10-17 04:00:00,51
3685,WARRIGAL_RD S of HIGHBURY_RD,2006-10-17 04:00:00,62
3685,WARRIGAL_RD S of HIGHBURY_RD,2006-10-17 04:00:00,115
3685,WARRIGAL_RD S of HIGHBURY_RD,2006-10-17 04:00:00,171
3685,WARRIGAL_RD S of HIGHBURY_RD,2006-10-17 04:00:00,222
3685,WARRIGAL_RD S of HIGHBURY_RD,2006-10-17 04:00:00,238
3685,WARRIGAL_RD S of HIGHBURY_RD,2006-10-17 04:00:00,302
3685,WARRIGAL_RD S of HIGHBURY_RD,2006-10-17 04:00:00,401
3685,WARRIGAL_RD S of HIGHBURY_RD,2006-10-17 04:00:00,336
3685,WARRIGAL_RD S of HIGHBURY_RD,2006-10-17 04:00:00,432
3685,WARRIGAL_RD S of HIGHBURY_RD,2006-10-17 04:00:00,417
3685,WARRIGAL_RD S of HIGHBURY_RD,2006-10-17 04:00:00,492
3685,WARRIGAL_RD S of HIGHBURY_RD,2006-10-17 04:00:00,491
3685,WARRIGAL_RD S of HIGHBURY_RD,2006-10-17 04:00:00,461
3685,WARRIGAL_RD S of HIGHBURY_RD,2006-10-17 04:00:00,390
3685,WARRIGAL_RD S of HIGHBURY_RD,2006-10-17 04:00:00,385
3685,WARRIGAL_RD S of HIGHBURY_RD,2006-10-17 04:00:00,382
3685,WARRIGAL_RD S of HIGHBURY_RD,2006-10-17 04:00:00,367
3685,WARRIGAL_RD S of HIGHBURY_RD,2006-10-17 04:00:00,346
3685,WARRIGAL_RD S of HIGHBURY_RD,2006-10-17 04:00:00,350
3685,WARRIGAL_RD S of HIGHBURY_RD,2006-10-17 04:00:00,365
3685,WARRIGAL_RD S of HIGHBURY_RD,2006-10-17 04:00:00,335
3685,WARRIGAL_RD S of HIGHBURY_RD,2006-10-17 04:00:00,342
3685,WARRIGAL_RD S of HIGHBURY_RD,2006-10-17 04:00:00,344
3685,WARRIGAL_RD S of HIGHBURY_RD,2006-10-17 04:00:00,360
3685,WARRIGAL_RD S of HIGHBURY_RD,2006-10-17 04:00:00,374
3685,WARRIGAL_RD S of HIGHBURY_RD,2006-10-17 04:00:00,359
3685,WARRIGAL_RD S of HIGHBURY_RD,2006-10-17 04:00:00,373
3685,WARRIGAL_RD S of HIGHBURY_RD,2006-10-17 04:00:00,360
3685,WARRIGAL_RD S of HIGHBURY_RD,2006-10-17 04:00:00,332
3685,WARRIGAL_RD S of HIGHBURY_RD,2006-10-17 04:00:00,327
3685,WARRIGAL_RD S of HIGHBURY_RD,2006-10-17 04:00:00,379
3685,WARRIGAL_RD S of HIGHBURY_RD,2006-10-17 04:00:00,405
3685,WARRIGAL_RD S of HIGHBURY_RD,2006-10-17 04:00:00,387
3685,WARRIGAL_RD S of HIGHBURY_RD,2006-10-17 04:00:00,348
3685,WARRIGAL_RD S of HIGHBURY_RD,2006-10-17 04:00:00,416
3685,WARRIGAL_RD S of HIGHBURY_RD,2006-10-17 04:00:00,406
3685,WARRIGAL_RD S of HIGHBURY_RD,2006-10-17 04:00:00,414
3685,WARRIGAL_RD S of HIGHBURY_RD,2006-10-17 04:00:00,471
3685,WARRIGAL_RD S of HIGHBURY_RD,2006-10-17 04:00:00,449
3685,WARRIGAL_RD S of HIGHBURY_RD,2006-10-17 04:00:00,479
3685,WARRIGAL_RD S of HIGHBURY_RD,2006-10-17 04:00:00,488
3685,WARRIGAL_RD S of HIGHBURY_RD,2006-10-17 04:00:00,469
3685,WARRIGAL_RD S of HIGHBURY_RD,2006-10-17 04:00:00,601
3685,WARRIGAL_RD S of HIGHBURY_RD,2006-10-17 04:00:00,593
3685,WARRIGAL_RD S of HIGHBURY_RD,2006-10-17 04:00:00,504
3685,WARRIGAL_RD S of HIGHBURY_RD,2006-10-17 04:00:00,580
3685,WARRIGAL_RD S of HIGHBURY_RD,2006-10-17 04:00:00,542
3685,WARRIGAL_RD S of HIGHBURY_RD,2006-10-17 04:00:00,595
3685,WARRIGAL_RD S of HIGHBURY_RD,2006-10-17 04:00:00,543
3685,WARRIGAL_RD S of HIGHBURY_RD,2006-10-17 04:00:00,547
3685,WARRIGAL_RD S of HIGHBURY_RD,2006-10-17 04:00:00,538
3685,WARRIGAL_RD S of HIGHBURY_RD,2006-10-17 04:00:00,566
3685,WARRIGAL_RD S of HIGHBURY_RD,2006-10-17 04:00:00,445
3685,WARRIGAL_RD S of HIGHBURY_RD,2006-10-17 04:00:00,394
3685,WARRIGAL_RD S of HIGHBURY_RD,2006-10-17 04:00:00,344
3685,WARRIGAL_RD S of HIGHBURY_RD,2006-10-17 04:00:00,318
3685,WARRIGAL_RD S of HIGHBURY_RD,2006-10-17 04:00:00,249
3685,WARRIGAL_RD S of HIGHBURY_RD,2006-10-17 04:00:00,243
3685,WARRIGAL_RD S of HIGHBURY_RD,2006-10-17 04:00:00,239
3685,WARRIGAL_RD S of HIGHBURY_RD,2006-10-17 04:00:00,215
3685,WARRIGAL_RD S of HIGHBURY_RD,2006-10-17 04:00:00,214
3685,WARRIGAL_RD S of HIGHBURY_RD,2006-10-17 04:00:00,237
3685,WARRIGAL_RD S of HIGHBURY_RD,2006-10-17 04:00:00,214
3685,WARRIGAL_RD S of HIGHBURY_RD,2006-10-17 04:00:00,236
3685,WARRIGAL_RD S of HIGHBURY_RD,2006-10-17 04:00:00,180
3685,WARRIGAL_RD S of HIGHBURY_RD,2006-10-17 04:00:00,229
3685,WARRIGAL_RD S of HIGHBURY_RD,2006-10-17 04:00:00,201
3685,WARRIGAL_RD S of HIGHBURY_RD,2006-10-17 04:00:00,142
3685,WARRIGAL_RD S of HIGHBURY_RD,2006-10-17 04:00:00,152
3685,WARRIGAL_RD S of HIGHBURY_RD,2006-10-17 04:00:00,142
3685,WARRIGAL_RD S of HIGHBURY_RD,2006-10-17 04:00:00,132
3685,WARRIGAL_RD S of HIGHBURY_RD,2006-10-17 04:00:00,96
3685,WARRIGAL_RD S of HIGHBURY_RD,2006-10-17 04:00:00,84
3685,WARRIGAL_RD S of HIGHBURY_RD,2006-10-18 04:15:00,67
3685,WARRIGAL_RD S of HIGHBURY_RD,2006-10-18 04:15:00,40
3685,WARRIGAL_RD S of HIGHBURY_RD,2006-10-18 04:15:00,50
3685,WARRIGAL_RD S of HIGHBURY_RD,2006-10-18 04:15:00,42
3685,WARRIGAL_RD S of HIGHBURY_RD,2006-10-18 04:15:00,30
3685,WARRIGAL_RD S of HIGHBURY_RD,2006-10-18 04:15:00,29
3685,WARRIGAL_RD S of HIGHBURY_RD,2006-10-18 04:15:00,9
3685,WARRIGAL_RD S of HIGHBURY_RD,2006-10-18 04:15:00,21
3685,WARRIGAL_RD S of HIGHBURY_RD,2006-10-18 04:15:00,12
3685,WARRIGAL_RD S of HIGHBURY_RD,2006-10-18 04:15:00,15
3685,WARRIGAL_RD S of HIGHBURY_RD,2006-10-18 04:15:00,13
3685,WARRIGAL_RD S of HIGHBURY_RD,2006-10-18 04:15:00,10
3685,WARRIGAL_RD S of HIGHBURY_RD,2006-10-18 04:15:00,20
3685,WARRIGAL_RD S of HIGHBURY_RD,2006-10-18 04:15:00,9
3685,WARRIGAL_RD S of HIGHBURY_RD,2006-10-18 04:15:00,14
3685,WARRIGAL_RD S of HIGHBURY_RD,2006-10-18 04:15:00,7
3685,WARRIGAL_RD S of HIGHBURY_RD,2006-10-18 04:15:00,10
3685,WARRIGAL_RD S of HIGHBURY_RD,2006-10-18 04:15:00,21
3685,WARRIGAL_RD S of HIGHBURY_RD,2006-10-18 04:15:00,24
3685,WARRIGAL_RD S of HIGHBURY_RD,2006-10-18 04:15:00,22
3685,WARRIGAL_RD S of HIGHBURY_RD,2006-10-18 04:15:00,19
3685,WARRIGAL_RD S of HIGHBURY_RD,2006-10-18 04:15:00,34
3685,WARRIGAL_RD S of HIGHBURY_RD,2006-10-18 04:15:00,52
3685,WARRIGAL_RD S of HIGHBURY_RD,2006-10-18 04:15:00,80
3685,WARRIGAL_RD S of HIGHBURY_RD,2006-10-18 04:15:00,117
3685,WARRIGAL_RD S of HIGHBURY_RD,2006-10-18 04:15:00,174
3685,WARRIGAL_RD S of HIGHBURY_RD,2006-10-18 04:15:00,252
3685,WARRIGAL_RD S of HIGHBURY_RD,2006-10-18 04:15:00,235
3685,WARRIGAL_RD S of HIGHBURY_RD,2006-10-18 04:15:00,327
3685,WARRIGAL_RD S of HIGHBURY_RD,2006-10-18 04:15:00,353
3685,WARRIGAL_RD S of HIGHBURY_RD,2006-10-18 04:15:00,366
3685,WARRIGAL_RD S of HIGHBURY_RD,2006-10-18 04:15:00,467
3685,WARRIGAL_RD S of HIGHBURY_RD,2006-10-18 04:15:00,497
3685,WARRIGAL_RD S of HIGHBURY_RD,2006-10-18 04:15:00,484
3685,WARRIGAL_RD S of HIGHBURY_RD,2006-10-18 04:15:00,472
3685,WARRIGAL_RD S of HIGHBURY_RD,2006-10-18 04:15:00,432
3685,WARRIGAL_RD S of HIGHBURY_RD,2006-10-18 04:15:00,370
3685,WARRIGAL_RD S of HIGHBURY_RD,2006-10-18 04:15:00,446
3685,WARRIGAL_RD S of HIGHBURY_RD,2006-10-18 04:15:00,388
3685,WARRIGAL_RD S of HIGHBURY_RD,2006-10-18 04:15:00,415
3685,WARRIGAL_RD S of HIGHBURY_RD,2006-10-18 04:15:00,331
3685,WARRIGAL_RD S of HIGHBURY_RD,2006-10-18 04:15:00,356
3685,WARRIGAL_RD S of HIGHBURY_RD,2006-10-18 04:15:00,313
3685,WARRIGAL_RD S of HIGHBURY_RD,2006-10-18 04:15:00,329
3685,WARRIGAL_RD S of HIGHBURY_RD,2006-10-18 04:15:00,309
3685,WARRIGAL_RD S of HIGHBURY_RD,2006-10-18 04:15:00,343
3685,WARRIGAL_RD S of HIGHBURY_RD,2006-10-18 04:15:00,358
3685,WARRIGAL_RD S of HIGHBURY_RD,2006-10-18 04:15:00,347
3685,WARRIGAL_RD S of HIGHBURY_RD,2006-10-18 04:15:00,388
3685,WARRIGAL_RD S of HIGHBURY_RD,2006-10-18 04:15:00,372
3685,WARRIGAL_RD S of HIGHBURY_RD,2006-10-18 04:15:00,357
3685,WARRIGAL_RD S of HIGHBURY_RD,2006-10-18 04:15:00,348
3685,WARRIGAL_RD S of HIGHBURY_RD,2006-10-18 04:15:00,406
3685,WARRIGAL_RD S of HIGHBURY_RD,2006-10-18 04:15:00,372
3685,WARRIGAL_RD S of HIGHBURY_RD,2006-10-18 04:15:00,407
3685,WARRIGAL_RD S of HIGHBURY_RD,2006-10-18 04:15:00,360
3685,WARRIGAL_RD S of HIGHBURY_RD,2006-10-18 04:15:00,364
